USE pecom;

INSERT INTO `users` (`id`, `client`, `first_name`, `last_name`, `phone`, `email`, `created_at`, `updated_at`) VALUES (1, 'Hoeger, Raynor and Goodwin', 'Macy', 'Hirthe', '(633)821-0568x7651', 'vreinger@example.org', '2019-11-07 20:30:19', '2020-04-04 14:52:32');
INSERT INTO `users` (`id`, `client`, `first_name`, `last_name`, `phone`, `email`, `created_at`, `updated_at`) VALUES (2, 'Weimann, Dare and Nolan', 'Bradley', 'Kovacek', '312-929-0395', 'lavon.carter@example.com', '2020-03-30 09:25:15', '2019-09-23 17:24:10');
INSERT INTO `users` (`id`, `client`, `first_name`, `last_name`, `phone`, `email`, `created_at`, `updated_at`) VALUES (3, 'Grimes, Gaylord and Kuhic', 'Dora', 'Bashirian', '(217)751-9112', 'betty.walter@example.org', '2019-11-21 01:39:34', '2020-01-14 17:28:17');
INSERT INTO `users` (`id`, `client`, `first_name`, `last_name`, `phone`, `email`, `created_at`, `updated_at`) VALUES (4, 'Littel PLC', 'Kiel', 'Reynolds', '201-952-8255', 'randall77@example.com', '2019-11-14 03:13:58', '2019-06-02 17:10:05');
INSERT INTO `users` (`id`, `client`, `first_name`, `last_name`, `phone`, `email`, `created_at`, `updated_at`) VALUES (5, 'Becker-Muller', 'Karolann', 'Schuppe', '(591)068-0052', 'aimee57@example.net', '2019-07-24 21:51:29', '2019-07-08 08:04:17');
INSERT INTO `users` (`id`, `client`, `first_name`, `last_name`, `phone`, `email`, `created_at`, `updated_at`) VALUES (6, 'Leannon Ltd', 'Elenora', 'Breitenberg', '522-550-9744', 'hauck.alden@example.net', '2019-11-18 03:05:13', '2019-10-05 21:21:31');
INSERT INTO `users` (`id`, `client`, `first_name`, `last_name`, `phone`, `email`, `created_at`, `updated_at`) VALUES (7, 'Lueilwitz, Marquardt and Kessler', 'Kobe', 'Ziemann', '(665)528-3611x2993', 'obreitenberg@example.org', '2019-10-02 15:40:24', '2020-01-19 01:47:01');
INSERT INTO `users` (`id`, `client`, `first_name`, `last_name`, `phone`, `email`, `created_at`, `updated_at`) VALUES (8, 'Torp-Bruen', 'Jailyn', 'Herman', '710-262-8037', 'mohammad48@example.net', '2020-05-10 06:17:56', '2020-01-29 00:14:27');
INSERT INTO `users` (`id`, `client`, `first_name`, `last_name`, `phone`, `email`, `created_at`, `updated_at`) VALUES (9, 'Hirthe, Upton and Senger', 'Araceli', 'Kuhlman', '590-438-6977x08829', 'xtorp@example.org', '2020-05-13 22:14:31', '2019-07-17 13:45:03');
INSERT INTO `users` (`id`, `client`, `first_name`, `last_name`, `phone`, `email`, `created_at`, `updated_at`) VALUES (10, 'Parisian-Collier', 'Dexter', 'Hickle', '229.092.7024x677', 'mferry@example.org', '2019-09-20 22:02:39', '2019-12-09 16:52:51');
INSERT INTO `users` (`id`, `client`, `first_name`, `last_name`, `phone`, `email`, `created_at`, `updated_at`) VALUES (11, 'Krajcik Inc', 'Bert', 'Cruickshank', '05972779141', 'nienow.ally@example.com', '2020-04-07 22:45:43', '2020-05-16 00:56:22');
INSERT INTO `users` (`id`, `client`, `first_name`, `last_name`, `phone`, `email`, `created_at`, `updated_at`) VALUES (12, 'Herman-Walker', 'Deanna', 'Maggio', '550.122.1392', 'camron78@example.net', '2019-10-28 13:06:44', '2019-07-20 03:03:54');
INSERT INTO `users` (`id`, `client`, `first_name`, `last_name`, `phone`, `email`, `created_at`, `updated_at`) VALUES (13, 'Friesen-Bradtke', 'Robyn', 'Hermann', '1-106-524-5741', 'esta.howell@example.org', '2019-10-23 13:48:43', '2019-09-21 10:42:07');
INSERT INTO `users` (`id`, `client`, `first_name`, `last_name`, `phone`, `email`, `created_at`, `updated_at`) VALUES (14, 'Kuvalis Group', 'Elisha', 'Kozey', '044.839.4068x3295', 'yadira72@example.org', '2020-05-15 03:10:23', '2020-05-17 05:05:27');
INSERT INTO `users` (`id`, `client`, `first_name`, `last_name`, `phone`, `email`, `created_at`, `updated_at`) VALUES (15, 'Huels-Bailey', 'Ethelyn', 'Cummings', '(778)715-4206', 'hirthe.raegan@example.org', '2019-07-05 19:10:52', '2019-12-24 02:13:30');
INSERT INTO `users` (`id`, `client`, `first_name`, `last_name`, `phone`, `email`, `created_at`, `updated_at`) VALUES (16, 'Mitchell-Crist', 'Alaina', 'Mann', '+37(3)3299180661', 'claud.torp@example.com', '2019-12-21 04:00:30', '2019-08-16 23:38:15');
INSERT INTO `users` (`id`, `client`, `first_name`, `last_name`, `phone`, `email`, `created_at`, `updated_at`) VALUES (17, 'Fadel-Berge', 'Bethel', 'Rohan', '1-672-782-9336', 'khirthe@example.org', '2019-08-27 01:07:41', '2020-02-12 19:00:50');
INSERT INTO `users` (`id`, `client`, `first_name`, `last_name`, `phone`, `email`, `created_at`, `updated_at`) VALUES (18, 'Lubowitz-Kautzer', 'Destin', 'Leannon', '+47(1)7041067289', 'brown.precious@example.net', '2020-03-10 04:18:24', '2020-05-06 01:32:59');
INSERT INTO `users` (`id`, `client`, `first_name`, `last_name`, `phone`, `email`, `created_at`, `updated_at`) VALUES (19, 'Gorczany, Hilpert and Jaskolski', 'Nettie', 'Robel', '+57(3)0049374563', 'green.donnie@example.com', '2019-10-14 14:15:56', '2020-03-16 07:37:57');
INSERT INTO `users` (`id`, `client`, `first_name`, `last_name`, `phone`, `email`, `created_at`, `updated_at`) VALUES (20, 'Feest, Jakubowski and Effertz', 'Winston', 'Lesch', '(871)939-6218', 'ansel.von@example.net', '2020-05-28 00:40:34', '2020-03-18 02:58:21');
INSERT INTO `users` (`id`, `client`, `first_name`, `last_name`, `phone`, `email`, `created_at`, `updated_at`) VALUES (21, 'Stracke Ltd', 'Cloyd', 'Hilpert', '04172874022', 'emard.mitchel@example.net', '2019-10-15 11:54:19', '2019-09-21 10:24:49');
INSERT INTO `users` (`id`, `client`, `first_name`, `last_name`, `phone`, `email`, `created_at`, `updated_at`) VALUES (22, 'VonRueden, Kris and Ebert', 'Shane', 'Brekke', '+92(5)2557402706', 'shields.athena@example.org', '2020-05-27 16:28:56', '2020-03-22 01:39:51');
INSERT INTO `users` (`id`, `client`, `first_name`, `last_name`, `phone`, `email`, `created_at`, `updated_at`) VALUES (23, 'Beier-Marquardt', 'Eleazar', 'Mitchell', '653-136-2173', 'arne12@example.com', '2020-05-09 10:00:16', '2019-12-01 13:27:41');
INSERT INTO `users` (`id`, `client`, `first_name`, `last_name`, `phone`, `email`, `created_at`, `updated_at`) VALUES (24, 'Littel-Crooks', 'Cassidy', 'Huels', '+54(7)5208234283', 'lavina04@example.com', '2019-10-21 09:40:01', '2020-03-10 02:45:53');
INSERT INTO `users` (`id`, `client`, `first_name`, `last_name`, `phone`, `email`, `created_at`, `updated_at`) VALUES (25, 'Lemke-Ortiz', 'Kasey', 'Wisozk', '418.642.5943', 'jarret.aufderhar@example.com', '2019-08-03 16:27:00', '2019-09-09 02:49:47');
INSERT INTO `users` (`id`, `client`, `first_name`, `last_name`, `phone`, `email`, `created_at`, `updated_at`) VALUES (26, 'Ullrich PLC', 'Adan', 'Bergnaum', '453-012-2268x449', 'kassulke.myriam@example.org', '2020-04-28 00:01:04', '2019-12-06 04:26:25');
INSERT INTO `users` (`id`, `client`, `first_name`, `last_name`, `phone`, `email`, `created_at`, `updated_at`) VALUES (27, 'Stanton, Schmidt and Heidenreich', 'Alta', 'Gerlach', '630-955-8412x3710', 'kira86@example.org', '2020-02-08 21:07:25', '2019-09-11 01:38:07');
INSERT INTO `users` (`id`, `client`, `first_name`, `last_name`, `phone`, `email`, `created_at`, `updated_at`) VALUES (28, 'Romaguera Ltd', 'Misael', 'Schroeder', '214.315.4287', 'ernestina13@example.org', '2020-02-29 11:37:46', '2019-06-02 17:39:32');
INSERT INTO `users` (`id`, `client`, `first_name`, `last_name`, `phone`, `email`, `created_at`, `updated_at`) VALUES (29, 'Kihn Group', 'Sandra', 'Moen', '189-507-8009x7210', 'koelpin.cale@example.org', '2020-01-02 14:26:35', '2020-03-11 19:11:13');
INSERT INTO `users` (`id`, `client`, `first_name`, `last_name`, `phone`, `email`, `created_at`, `updated_at`) VALUES (30, 'Nicolas Inc', 'Delphia', 'Nolan', '012-904-8942', 'hills.shirley@example.org', '2019-07-07 16:27:52', '2019-11-01 05:24:58');
INSERT INTO `users` (`id`, `client`, `first_name`, `last_name`, `phone`, `email`, `created_at`, `updated_at`) VALUES (31, 'Dooley-Sipes', 'Chelsea', 'Wilkinson', '1-478-400-9281x605', 'elena.padberg@example.org', '2019-12-31 12:59:51', '2020-05-15 05:44:02');
INSERT INTO `users` (`id`, `client`, `first_name`, `last_name`, `phone`, `email`, `created_at`, `updated_at`) VALUES (32, 'Mann-Fadel', 'Lexi', 'Davis', '(734)800-7815x02239', 'treutel.tavares@example.com', '2019-10-08 11:48:15', '2020-04-15 03:51:21');
INSERT INTO `users` (`id`, `client`, `first_name`, `last_name`, `phone`, `email`, `created_at`, `updated_at`) VALUES (33, 'Schaden-Schamberger', 'Lila', 'Beahan', '(903)444-9798', 'monahan.keenan@example.net', '2019-10-25 23:21:02', '2019-12-16 20:23:51');
INSERT INTO `users` (`id`, `client`, `first_name`, `last_name`, `phone`, `email`, `created_at`, `updated_at`) VALUES (34, 'Schmitt, Smith and Blick', 'Katherine', 'Dare', '969-486-6105x380', 'skiles.marcelle@example.com', '2020-02-21 16:10:27', '2019-11-18 06:10:19');
INSERT INTO `users` (`id`, `client`, `first_name`, `last_name`, `phone`, `email`, `created_at`, `updated_at`) VALUES (35, 'Blanda Inc', 'Deondre', 'Hodkiewicz', '(515)480-8291x3667', 'kuhlman.dillan@example.org', '2019-10-13 11:22:18', '2019-08-05 00:35:00');
INSERT INTO `users` (`id`, `client`, `first_name`, `last_name`, `phone`, `email`, `created_at`, `updated_at`) VALUES (36, 'Vandervort, Lesch and Reinger', 'Mervin', 'Blanda', '667.146.2717', 'jedediah96@example.org', '2019-07-10 18:56:20', '2020-02-25 02:00:47');
INSERT INTO `users` (`id`, `client`, `first_name`, `last_name`, `phone`, `email`, `created_at`, `updated_at`) VALUES (37, 'Littel-Stark', 'Elwin', 'Jerde', '(073)821-1763x741', 'kiarra.hansen@example.net', '2019-09-19 15:57:18', '2020-04-13 12:30:53');
INSERT INTO `users` (`id`, `client`, `first_name`, `last_name`, `phone`, `email`, `created_at`, `updated_at`) VALUES (38, 'Cronin-Stracke', 'Gwen', 'Harber', '(442)409-9102x73275', 'terry.keyon@example.org', '2020-04-07 13:32:56', '2020-04-05 05:37:58');
INSERT INTO `users` (`id`, `client`, `first_name`, `last_name`, `phone`, `email`, `created_at`, `updated_at`) VALUES (39, 'Nikolaus Group', 'Abby', 'Mueller', '(929)893-2625x96472', 'schinner.jeromy@example.org', '2020-03-24 15:15:52', '2019-07-14 20:22:59');
INSERT INTO `users` (`id`, `client`, `first_name`, `last_name`, `phone`, `email`, `created_at`, `updated_at`) VALUES (40, 'Brakus, Rempel and Deckow', 'Zora', 'Stanton', '651-825-2267x397', 'antwon47@example.net', '2019-10-21 14:34:54', '2020-01-25 23:15:24');
INSERT INTO `users` (`id`, `client`, `first_name`, `last_name`, `phone`, `email`, `created_at`, `updated_at`) VALUES (41, 'Hettinger-Runolfsson', 'Hosea', 'Balistreri', '+03(6)8944824260', 'sadye.zemlak@example.com', '2019-07-11 01:09:23', '2020-03-29 18:30:23');
INSERT INTO `users` (`id`, `client`, `first_name`, `last_name`, `phone`, `email`, `created_at`, `updated_at`) VALUES (42, 'Rohan, Fritsch and Reilly', 'Bulah', 'Ortiz', '530.528.5245', 'mhalvorson@example.net', '2019-08-05 10:57:00', '2019-07-01 17:06:04');
INSERT INTO `users` (`id`, `client`, `first_name`, `last_name`, `phone`, `email`, `created_at`, `updated_at`) VALUES (43, 'Krajcik PLC', 'Faye', 'Wisoky', '1-583-592-2229x415', 'dwight.senger@example.com', '2019-06-09 08:10:23', '2019-10-29 02:13:46');
INSERT INTO `users` (`id`, `client`, `first_name`, `last_name`, `phone`, `email`, `created_at`, `updated_at`) VALUES (44, 'Boyle, Yost and Schowalter', 'Buford', 'Tromp', '148.813.7868x7551', 'zhintz@example.com', '2019-07-05 14:36:25', '2020-05-19 22:11:31');
INSERT INTO `users` (`id`, `client`, `first_name`, `last_name`, `phone`, `email`, `created_at`, `updated_at`) VALUES (45, 'Cruickshank-Sauer', 'Brady', 'Carroll', '04525753566', 'austyn.jones@example.net', '2019-06-12 01:01:56', '2019-07-07 20:31:59');
INSERT INTO `users` (`id`, `client`, `first_name`, `last_name`, `phone`, `email`, `created_at`, `updated_at`) VALUES (46, 'Gaylord-Beahan', 'Yvette', 'Gaylord', '761-081-6960', 'michelle.champlin@example.com', '2019-08-25 15:40:49', '2019-09-12 16:13:01');
INSERT INTO `users` (`id`, `client`, `first_name`, `last_name`, `phone`, `email`, `created_at`, `updated_at`) VALUES (47, 'Emmerich Inc', 'Candelario', 'Lueilwitz', '631.804.0028', 'kulas.kathryn@example.com', '2020-02-13 20:32:36', '2019-08-29 06:43:57');
INSERT INTO `users` (`id`, `client`, `first_name`, `last_name`, `phone`, `email`, `created_at`, `updated_at`) VALUES (48, 'Hammes, Schneider and Kautzer', 'Jade', 'Swift', '(220)657-7904', 'beau.dubuque@example.com', '2020-03-05 14:40:43', '2020-03-13 21:33:48');
INSERT INTO `users` (`id`, `client`, `first_name`, `last_name`, `phone`, `email`, `created_at`, `updated_at`) VALUES (49, 'Langosh Inc', 'Felicity', 'Daniel', '(411)295-4318', 'mohr.justyn@example.com', '2019-07-17 00:10:30', '2019-12-03 00:19:07');
INSERT INTO `users` (`id`, `client`, `first_name`, `last_name`, `phone`, `email`, `created_at`, `updated_at`) VALUES (50, 'Schultz and Sons', 'Jack', 'Haley', '1-665-767-6767x89456', 'ejohns@example.net', '2020-05-05 03:33:54', '2019-10-09 03:59:37');
INSERT INTO `users` (`id`, `client`, `first_name`, `last_name`, `phone`, `email`, `created_at`, `updated_at`) VALUES (51, 'Legros, Windler and Tillman', 'Jarrod', 'Effertz', '749.870.1403', 'kaylah.hyatt@example.com', '2020-02-28 11:19:29', '2019-07-09 07:54:28');
INSERT INTO `users` (`id`, `client`, `first_name`, `last_name`, `phone`, `email`, `created_at`, `updated_at`) VALUES (52, 'Rolfson-Connelly', 'Abe', 'Ankunding', '1-228-635-2198x43849', 'dannie35@example.org', '2020-03-24 09:35:15', '2019-08-29 11:37:22');
INSERT INTO `users` (`id`, `client`, `first_name`, `last_name`, `phone`, `email`, `created_at`, `updated_at`) VALUES (53, 'Ledner-Bailey', 'Percy', 'Reilly', '132-559-7310', 'joe.beahan@example.org', '2020-05-31 08:31:16', '2020-03-12 10:48:46');
INSERT INTO `users` (`id`, `client`, `first_name`, `last_name`, `phone`, `email`, `created_at`, `updated_at`) VALUES (54, 'Renner-Osinski', 'Elena', 'Gleichner', '510.423.1851x14238', 'maureen.mante@example.net', '2019-07-05 16:30:01', '2019-12-26 19:13:11');
INSERT INTO `users` (`id`, `client`, `first_name`, `last_name`, `phone`, `email`, `created_at`, `updated_at`) VALUES (55, 'Metz, Sporer and White', 'Josefina', 'Turner', '354-496-2773', 'schaefer.melisa@example.net', '2019-09-13 06:52:47', '2019-06-22 07:11:43');
INSERT INTO `users` (`id`, `client`, `first_name`, `last_name`, `phone`, `email`, `created_at`, `updated_at`) VALUES (56, 'Conn-Frami', 'Joana', 'Macejkovic', '557-992-6777x192', 'brianne.deckow@example.com', '2020-02-03 01:56:17', '2019-09-08 14:41:15');
INSERT INTO `users` (`id`, `client`, `first_name`, `last_name`, `phone`, `email`, `created_at`, `updated_at`) VALUES (57, 'Mante, Collier and Heathcote', 'Hunter', 'Schmidt', '02840125586', 'dion.heathcote@example.com', '2020-04-01 22:12:13', '2019-08-26 15:49:55');
INSERT INTO `users` (`id`, `client`, `first_name`, `last_name`, `phone`, `email`, `created_at`, `updated_at`) VALUES (58, 'Goyette and Sons', 'Tristin', 'Harvey', '1-705-071-6731', 'chet40@example.net', '2020-03-17 15:11:25', '2020-04-23 05:18:11');
INSERT INTO `users` (`id`, `client`, `first_name`, `last_name`, `phone`, `email`, `created_at`, `updated_at`) VALUES (59, 'Fadel-Homenick', 'Milan', 'Toy', '+39(2)5320146952', 'jimmie78@example.org', '2019-06-27 13:05:06', '2019-07-02 13:14:23');
INSERT INTO `users` (`id`, `client`, `first_name`, `last_name`, `phone`, `email`, `created_at`, `updated_at`) VALUES (60, 'Lockman, Kreiger and Wilderman', 'Una', 'Wilderman', '856.737.5655x729', 'lurline97@example.org', '2019-07-11 00:01:34', '2019-07-26 14:07:51');
INSERT INTO `users` (`id`, `client`, `first_name`, `last_name`, `phone`, `email`, `created_at`, `updated_at`) VALUES (61, 'Robel Inc', 'Kennedy', 'Predovic', '02940347212', 'moshe57@example.org', '2019-07-02 00:58:29', '2020-03-16 08:56:09');
INSERT INTO `users` (`id`, `client`, `first_name`, `last_name`, `phone`, `email`, `created_at`, `updated_at`) VALUES (62, 'Rice, Feil and Stehr', 'Piper', 'Kiehn', '(299)176-8239x901', 'keshaun.mills@example.net', '2020-03-22 12:43:09', '2019-11-20 06:55:48');
INSERT INTO `users` (`id`, `client`, `first_name`, `last_name`, `phone`, `email`, `created_at`, `updated_at`) VALUES (63, 'Greenfelder-Schneider', 'Antonietta', 'Will', '(588)003-8588x78836', 'alyson81@example.org', '2019-11-02 16:07:53', '2020-05-04 04:07:53');
INSERT INTO `users` (`id`, `client`, `first_name`, `last_name`, `phone`, `email`, `created_at`, `updated_at`) VALUES (64, 'Koch-Pollich', 'Graciela', 'Rodriguez', '000.277.8451', 'tremaine.sporer@example.org', '2019-10-28 06:45:08', '2020-03-17 00:27:27');
INSERT INTO `users` (`id`, `client`, `first_name`, `last_name`, `phone`, `email`, `created_at`, `updated_at`) VALUES (65, 'Ebert-Nitzsche', 'Rocio', 'Paucek', '372.320.3861x53287', 'zschaefer@example.com', '2019-06-26 09:37:42', '2020-02-03 19:16:47');
INSERT INTO `users` (`id`, `client`, `first_name`, `last_name`, `phone`, `email`, `created_at`, `updated_at`) VALUES (66, 'Little Ltd', 'Melvina', 'Wolff', '(092)112-8786x30174', 'ekuhlman@example.com', '2020-01-16 21:35:00', '2020-04-19 06:36:56');
INSERT INTO `users` (`id`, `client`, `first_name`, `last_name`, `phone`, `email`, `created_at`, `updated_at`) VALUES (67, 'Goyette-Oberbrunner', 'Torey', 'Connelly', '648-632-8072', 'macie.tremblay@example.org', '2020-02-02 06:49:07', '2019-07-16 00:28:56');
INSERT INTO `users` (`id`, `client`, `first_name`, `last_name`, `phone`, `email`, `created_at`, `updated_at`) VALUES (68, 'Upton-Emard', 'Javier', 'Kirlin', '(597)935-1691', 'tmorar@example.net', '2020-02-03 17:17:37', '2020-03-16 03:10:54');
INSERT INTO `users` (`id`, `client`, `first_name`, `last_name`, `phone`, `email`, `created_at`, `updated_at`) VALUES (69, 'Sawayn-Deckow', 'Tierra', 'Dickinson', '323-680-1815', 'pmayert@example.org', '2020-01-06 17:08:45', '2019-07-29 19:54:41');
INSERT INTO `users` (`id`, `client`, `first_name`, `last_name`, `phone`, `email`, `created_at`, `updated_at`) VALUES (70, 'Sanford, Kemmer and Erdman', 'Vito', 'Kub', '695-562-5497x49707', 'yortiz@example.com', '2020-04-13 14:08:47', '2020-02-21 04:15:09');
INSERT INTO `users` (`id`, `client`, `first_name`, `last_name`, `phone`, `email`, `created_at`, `updated_at`) VALUES (71, 'Cassin LLC', 'Mertie', 'Ritchie', '1-278-858-7635x03362', 'courtney14@example.com', '2020-04-20 13:12:07', '2019-06-27 23:11:31');
INSERT INTO `users` (`id`, `client`, `first_name`, `last_name`, `phone`, `email`, `created_at`, `updated_at`) VALUES (72, 'Schoen, Green and Marks', 'Jaydon', 'Bayer', '535.370.4075x3562', 'odessa.jones@example.net', '2020-04-03 02:31:21', '2019-10-15 09:18:37');
INSERT INTO `users` (`id`, `client`, `first_name`, `last_name`, `phone`, `email`, `created_at`, `updated_at`) VALUES (73, 'Runte PLC', 'Laurianne', 'Walsh', '969-311-0831', 'boehm.caleb@example.net', '2020-01-08 15:47:03', '2019-07-14 20:58:01');
INSERT INTO `users` (`id`, `client`, `first_name`, `last_name`, `phone`, `email`, `created_at`, `updated_at`) VALUES (74, 'Mayert, Roob and Balistreri', 'Lisandro', 'Pfannerstill', '1-988-589-7628', 'taltenwerth@example.net', '2019-12-17 00:54:29', '2019-11-05 06:23:33');
INSERT INTO `users` (`id`, `client`, `first_name`, `last_name`, `phone`, `email`, `created_at`, `updated_at`) VALUES (75, 'Osinski, Kovacek and Zulauf', 'Carolyne', 'Little', '(197)520-5788x0355', 'madison.swaniawski@example.org', '2019-06-29 22:33:13', '2020-04-21 03:50:11');
INSERT INTO `users` (`id`, `client`, `first_name`, `last_name`, `phone`, `email`, `created_at`, `updated_at`) VALUES (76, 'Moore, Nicolas and Muller', 'Ana', 'D\'Amore', '895.884.1242x25327', 'salma.kautzer@example.net', '2019-12-28 01:59:49', '2019-08-08 11:32:10');
INSERT INTO `users` (`id`, `client`, `first_name`, `last_name`, `phone`, `email`, `created_at`, `updated_at`) VALUES (77, 'Schultz-Gerhold', 'Kiana', 'Morissette', '133-839-6945x467', 'russel.maybelle@example.org', '2020-05-12 18:47:42', '2020-04-02 11:23:20');
INSERT INTO `users` (`id`, `client`, `first_name`, `last_name`, `phone`, `email`, `created_at`, `updated_at`) VALUES (78, 'Schaden-Hirthe', 'Cristina', 'Conroy', '01384850255', 'judge.mcdermott@example.net', '2019-10-18 22:42:38', '2019-08-22 17:14:53');
INSERT INTO `users` (`id`, `client`, `first_name`, `last_name`, `phone`, `email`, `created_at`, `updated_at`) VALUES (79, 'Friesen, Keebler and Bednar', 'Lavina', 'Stoltenberg', '(697)241-0886x99863', 'madelynn.moore@example.org', '2019-07-13 13:57:17', '2019-12-28 07:39:41');
INSERT INTO `users` (`id`, `client`, `first_name`, `last_name`, `phone`, `email`, `created_at`, `updated_at`) VALUES (80, 'Nitzsche, Simonis and Schneider', 'Halle', 'Pollich', '00058632758', 'kfarrell@example.org', '2019-07-11 19:41:09', '2019-12-30 10:02:14');
INSERT INTO `users` (`id`, `client`, `first_name`, `last_name`, `phone`, `email`, `created_at`, `updated_at`) VALUES (81, 'Cole, Bruen and Jaskolski', 'Erika', 'Barrows', '756-819-3615x841', 'heathcote.jaquan@example.net', '2019-09-18 18:05:23', '2019-11-11 20:55:26');
INSERT INTO `users` (`id`, `client`, `first_name`, `last_name`, `phone`, `email`, `created_at`, `updated_at`) VALUES (82, 'Spencer, Schmitt and Dibbert', 'Vivien', 'Bogan', '1-109-480-0114x017', 'mbreitenberg@example.com', '2019-07-05 00:35:51', '2020-01-20 04:45:19');
INSERT INTO `users` (`id`, `client`, `first_name`, `last_name`, `phone`, `email`, `created_at`, `updated_at`) VALUES (83, 'Jaskolski Inc', 'Ivory', 'Torphy', '02563840083', 'sylvester.tillman@example.net', '2020-02-29 08:23:05', '2020-03-21 10:30:50');
INSERT INTO `users` (`id`, `client`, `first_name`, `last_name`, `phone`, `email`, `created_at`, `updated_at`) VALUES (84, 'Lindgren Group', 'Jamar', 'McLaughlin', '(168)956-0990x37446', 'liliane63@example.com', '2019-07-21 09:59:06', '2019-12-28 06:20:11');
INSERT INTO `users` (`id`, `client`, `first_name`, `last_name`, `phone`, `email`, `created_at`, `updated_at`) VALUES (85, 'Monahan-Boyle', 'Gayle', 'Beier', '00339962369', 'omuller@example.org', '2019-06-03 06:14:05', '2020-02-24 19:48:43');
INSERT INTO `users` (`id`, `client`, `first_name`, `last_name`, `phone`, `email`, `created_at`, `updated_at`) VALUES (86, 'Barton Group', 'Marlin', 'Hackett', '(332)276-5309x276', 'ftowne@example.com', '2019-09-08 23:16:01', '2019-07-09 06:45:57');
INSERT INTO `users` (`id`, `client`, `first_name`, `last_name`, `phone`, `email`, `created_at`, `updated_at`) VALUES (87, 'Walsh-Yost', 'Joshua', 'Daugherty', '562-453-7917', 'dulce12@example.net', '2019-08-21 02:28:40', '2019-12-16 05:09:48');
INSERT INTO `users` (`id`, `client`, `first_name`, `last_name`, `phone`, `email`, `created_at`, `updated_at`) VALUES (88, 'Klein and Sons', 'Roman', 'Beatty', '559-021-1913', 'kenyatta61@example.org', '2019-09-16 20:54:15', '2019-07-13 04:05:40');
INSERT INTO `users` (`id`, `client`, `first_name`, `last_name`, `phone`, `email`, `created_at`, `updated_at`) VALUES (89, 'Wiegand, Kshlerin and Tremblay', 'Lemuel', 'Lehner', '787-918-5773', 'trohan@example.com', '2020-01-02 05:11:36', '2019-07-28 15:23:20');
INSERT INTO `users` (`id`, `client`, `first_name`, `last_name`, `phone`, `email`, `created_at`, `updated_at`) VALUES (90, 'Marquardt Group', 'Will', 'Mertz', '006-400-4444x6210', 'kyla12@example.net', '2019-12-12 12:53:05', '2019-10-13 19:27:23');
INSERT INTO `users` (`id`, `client`, `first_name`, `last_name`, `phone`, `email`, `created_at`, `updated_at`) VALUES (91, 'Runolfsson-Cole', 'Celestino', 'Sawayn', '139-884-1994x8354', 'rstokes@example.org', '2020-01-03 15:53:47', '2019-06-01 20:10:47');
INSERT INTO `users` (`id`, `client`, `first_name`, `last_name`, `phone`, `email`, `created_at`, `updated_at`) VALUES (92, 'Schulist, McCullough and Durgan', 'Joany', 'Witting', '03688663849', 'brekke.alberto@example.com', '2020-02-10 07:02:41', '2020-03-20 15:18:27');
INSERT INTO `users` (`id`, `client`, `first_name`, `last_name`, `phone`, `email`, `created_at`, `updated_at`) VALUES (93, 'Hills and Sons', 'Shawn', 'Koss', '040-161-3484x540', 'bernhard95@example.org', '2019-12-03 12:58:48', '2020-03-02 19:42:03');
INSERT INTO `users` (`id`, `client`, `first_name`, `last_name`, `phone`, `email`, `created_at`, `updated_at`) VALUES (94, 'Collins and Sons', 'Perry', 'Ebert', '1-681-578-4761', 'lynch.brandon@example.net', '2019-06-18 08:59:23', '2020-03-09 12:57:04');
INSERT INTO `users` (`id`, `client`, `first_name`, `last_name`, `phone`, `email`, `created_at`, `updated_at`) VALUES (95, 'Gulgowski and Sons', 'Charity', 'Marvin', '09668401333', 'laney74@example.org', '2019-12-19 08:54:49', '2020-05-14 23:51:00');
INSERT INTO `users` (`id`, `client`, `first_name`, `last_name`, `phone`, `email`, `created_at`, `updated_at`) VALUES (96, 'White and Sons', 'Syble', 'Swaniawski', '05782247048', 'iaufderhar@example.net', '2019-06-11 19:35:48', '2020-02-15 20:55:01');
INSERT INTO `users` (`id`, `client`, `first_name`, `last_name`, `phone`, `email`, `created_at`, `updated_at`) VALUES (97, 'Huel, Mueller and Daniel', 'Cyril', 'Abbott', '07358931404', 'urohan@example.com', '2020-01-20 19:37:40', '2020-05-18 01:39:14');
INSERT INTO `users` (`id`, `client`, `first_name`, `last_name`, `phone`, `email`, `created_at`, `updated_at`) VALUES (98, 'Roob, Gibson and Stracke', 'Magdalena', 'Lemke', '1-028-706-3999', 'thomas.reinger@example.net', '2020-03-01 02:36:52', '2019-10-17 17:17:42');
INSERT INTO `users` (`id`, `client`, `first_name`, `last_name`, `phone`, `email`, `created_at`, `updated_at`) VALUES (99, 'McLaughlin, Predovic and Hessel', 'Kaley', 'Braun', '197.294.7163x8821', 'reichel.deron@example.com', '2019-11-26 05:25:36', '2019-11-23 16:02:05');
INSERT INTO `users` (`id`, `client`, `first_name`, `last_name`, `phone`, `email`, `created_at`, `updated_at`) VALUES (100, 'Veum, Zieme and Harris', 'Brown', 'Considine', '+41(5)1546383244', 'fay.hayden@example.net', '2019-07-16 22:57:29', '2019-08-24 04:34:18');

INSERT INTO `documents` (`id`, `name`, `docnumber`, `user_id`) VALUES (1, 'Паспорт', 33522, 1);
INSERT INTO `documents` (`id`, `name`, `docnumber`, `user_id`) VALUES (2, 'Удостоверение', 15031, 2);
INSERT INTO `documents` (`id`, `name`, `docnumber`, `user_id`) VALUES (3, 'ИНН', 20976, 3);
INSERT INTO `documents` (`id`, `name`, `docnumber`, `user_id`) VALUES (4, 'Паспорт', 24570, 4);
INSERT INTO `documents` (`id`, `name`, `docnumber`, `user_id`) VALUES (5, 'Удостоверение', 19859, 5);
INSERT INTO `documents` (`id`, `name`, `docnumber`, `user_id`) VALUES (6, 'Удостоверение', 16640, 6);
INSERT INTO `documents` (`id`, `name`, `docnumber`, `user_id`) VALUES (7, 'Удостоверение', 22211, 7);
INSERT INTO `documents` (`id`, `name`, `docnumber`, `user_id`) VALUES (8, 'ИНН', 16418, 8);
INSERT INTO `documents` (`id`, `name`, `docnumber`, `user_id`) VALUES (9, 'Паспорт', 30506, 9);
INSERT INTO `documents` (`id`, `name`, `docnumber`, `user_id`) VALUES (10, 'Паспорт', 23136, 10);
INSERT INTO `documents` (`id`, `name`, `docnumber`, `user_id`) VALUES (11, 'ИНН', 16519, 11);
INSERT INTO `documents` (`id`, `name`, `docnumber`, `user_id`) VALUES (12, 'Паспорт', 23152, 12);
INSERT INTO `documents` (`id`, `name`, `docnumber`, `user_id`) VALUES (13, 'Паспорт', 23047, 13);
INSERT INTO `documents` (`id`, `name`, `docnumber`, `user_id`) VALUES (14, 'Удостоверение', 28471, 14);
INSERT INTO `documents` (`id`, `name`, `docnumber`, `user_id`) VALUES (15, 'ИНН', 20358, 15);
INSERT INTO `documents` (`id`, `name`, `docnumber`, `user_id`) VALUES (16, 'ИНН', 23173, 16);
INSERT INTO `documents` (`id`, `name`, `docnumber`, `user_id`) VALUES (17, 'Паспорт', 12031, 17);
INSERT INTO `documents` (`id`, `name`, `docnumber`, `user_id`) VALUES (18, 'ИНН', 11625, 18);
INSERT INTO `documents` (`id`, `name`, `docnumber`, `user_id`) VALUES (19, 'Паспорт', 30919, 19);
INSERT INTO `documents` (`id`, `name`, `docnumber`, `user_id`) VALUES (20, 'Удостоверение', 25054, 20);
INSERT INTO `documents` (`id`, `name`, `docnumber`, `user_id`) VALUES (21, 'Удостоверение', 30075, 21);
INSERT INTO `documents` (`id`, `name`, `docnumber`, `user_id`) VALUES (22, 'Удостоверение', 15724, 22);
INSERT INTO `documents` (`id`, `name`, `docnumber`, `user_id`) VALUES (23, 'Удостоверение', 24905, 23);
INSERT INTO `documents` (`id`, `name`, `docnumber`, `user_id`) VALUES (24, 'Удостоверение', 18482, 24);
INSERT INTO `documents` (`id`, `name`, `docnumber`, `user_id`) VALUES (25, 'Паспорт', 33510, 25);
INSERT INTO `documents` (`id`, `name`, `docnumber`, `user_id`) VALUES (26, 'ИНН', 30266, 26);
INSERT INTO `documents` (`id`, `name`, `docnumber`, `user_id`) VALUES (27, 'Паспорт', 20515, 27);
INSERT INTO `documents` (`id`, `name`, `docnumber`, `user_id`) VALUES (28, 'ИНН', 23954, 28);
INSERT INTO `documents` (`id`, `name`, `docnumber`, `user_id`) VALUES (29, 'Паспорт', 38098, 29);
INSERT INTO `documents` (`id`, `name`, `docnumber`, `user_id`) VALUES (30, 'Паспорт', 13992, 30);
INSERT INTO `documents` (`id`, `name`, `docnumber`, `user_id`) VALUES (31, 'Удостоверение', 27948, 31);
INSERT INTO `documents` (`id`, `name`, `docnumber`, `user_id`) VALUES (32, 'ИНН', 13537, 32);
INSERT INTO `documents` (`id`, `name`, `docnumber`, `user_id`) VALUES (33, 'Удостоверение', 18282, 33);
INSERT INTO `documents` (`id`, `name`, `docnumber`, `user_id`) VALUES (34, 'ИНН', 15062, 34);
INSERT INTO `documents` (`id`, `name`, `docnumber`, `user_id`) VALUES (35, 'Удостоверение', 23933, 35);
INSERT INTO `documents` (`id`, `name`, `docnumber`, `user_id`) VALUES (36, 'Удостоверение', 33782, 36);
INSERT INTO `documents` (`id`, `name`, `docnumber`, `user_id`) VALUES (37, 'Удостоверение', 16611, 37);
INSERT INTO `documents` (`id`, `name`, `docnumber`, `user_id`) VALUES (38, 'Удостоверение', 36372, 38);
INSERT INTO `documents` (`id`, `name`, `docnumber`, `user_id`) VALUES (39, 'Паспорт', 21077, 39);
INSERT INTO `documents` (`id`, `name`, `docnumber`, `user_id`) VALUES (40, 'Удостоверение', 28380, 40);
INSERT INTO `documents` (`id`, `name`, `docnumber`, `user_id`) VALUES (41, 'ИНН', 30474, 41);
INSERT INTO `documents` (`id`, `name`, `docnumber`, `user_id`) VALUES (42, 'ИНН', 12081, 42);
INSERT INTO `documents` (`id`, `name`, `docnumber`, `user_id`) VALUES (43, 'Паспорт', 25275, 43);
INSERT INTO `documents` (`id`, `name`, `docnumber`, `user_id`) VALUES (44, 'Паспорт', 13872, 44);
INSERT INTO `documents` (`id`, `name`, `docnumber`, `user_id`) VALUES (45, 'Удостоверение', 11317, 45);
INSERT INTO `documents` (`id`, `name`, `docnumber`, `user_id`) VALUES (46, 'Паспорт', 29470, 46);
INSERT INTO `documents` (`id`, `name`, `docnumber`, `user_id`) VALUES (47, 'Удостоверение', 38503, 47);
INSERT INTO `documents` (`id`, `name`, `docnumber`, `user_id`) VALUES (48, 'Удостоверение', 38140, 48);
INSERT INTO `documents` (`id`, `name`, `docnumber`, `user_id`) VALUES (49, 'Удостоверение', 12204, 49);
INSERT INTO `documents` (`id`, `name`, `docnumber`, `user_id`) VALUES (50, 'Паспорт', 10383, 50);
INSERT INTO `documents` (`id`, `name`, `docnumber`, `user_id`) VALUES (51, 'Удостоверение', 28997, 51);
INSERT INTO `documents` (`id`, `name`, `docnumber`, `user_id`) VALUES (52, 'ИНН', 10450, 52);
INSERT INTO `documents` (`id`, `name`, `docnumber`, `user_id`) VALUES (53, 'Паспорт', 11276, 53);
INSERT INTO `documents` (`id`, `name`, `docnumber`, `user_id`) VALUES (54, 'Паспорт', 19861, 54);
INSERT INTO `documents` (`id`, `name`, `docnumber`, `user_id`) VALUES (55, 'ИНН', 17163, 55);
INSERT INTO `documents` (`id`, `name`, `docnumber`, `user_id`) VALUES (56, 'Паспорт', 25859, 56);
INSERT INTO `documents` (`id`, `name`, `docnumber`, `user_id`) VALUES (57, 'Удостоверение', 17609, 57);
INSERT INTO `documents` (`id`, `name`, `docnumber`, `user_id`) VALUES (58, 'Паспорт', 14330, 58);
INSERT INTO `documents` (`id`, `name`, `docnumber`, `user_id`) VALUES (59, 'ИНН', 34185, 59);
INSERT INTO `documents` (`id`, `name`, `docnumber`, `user_id`) VALUES (60, 'ИНН', 22448, 60);
INSERT INTO `documents` (`id`, `name`, `docnumber`, `user_id`) VALUES (61, 'Удостоверение', 18851, 61);
INSERT INTO `documents` (`id`, `name`, `docnumber`, `user_id`) VALUES (62, 'ИНН', 27803, 62);
INSERT INTO `documents` (`id`, `name`, `docnumber`, `user_id`) VALUES (63, 'Паспорт', 15596, 63);
INSERT INTO `documents` (`id`, `name`, `docnumber`, `user_id`) VALUES (64, 'Удостоверение', 33443, 64);
INSERT INTO `documents` (`id`, `name`, `docnumber`, `user_id`) VALUES (65, 'ИНН', 15256, 65);
INSERT INTO `documents` (`id`, `name`, `docnumber`, `user_id`) VALUES (66, 'ИНН', 11899, 66);
INSERT INTO `documents` (`id`, `name`, `docnumber`, `user_id`) VALUES (67, 'ИНН', 34533, 67);
INSERT INTO `documents` (`id`, `name`, `docnumber`, `user_id`) VALUES (68, 'Удостоверение', 25508, 68);
INSERT INTO `documents` (`id`, `name`, `docnumber`, `user_id`) VALUES (69, 'Паспорт', 13999, 69);
INSERT INTO `documents` (`id`, `name`, `docnumber`, `user_id`) VALUES (70, 'ИНН', 21103, 70);
INSERT INTO `documents` (`id`, `name`, `docnumber`, `user_id`) VALUES (71, 'Удостоверение', 35182, 71);
INSERT INTO `documents` (`id`, `name`, `docnumber`, `user_id`) VALUES (72, 'Паспорт', 27916, 72);
INSERT INTO `documents` (`id`, `name`, `docnumber`, `user_id`) VALUES (73, 'ИНН', 23029, 73);
INSERT INTO `documents` (`id`, `name`, `docnumber`, `user_id`) VALUES (74, 'Удостоверение', 18357, 74);
INSERT INTO `documents` (`id`, `name`, `docnumber`, `user_id`) VALUES (75, 'Удостоверение', 22506, 75);
INSERT INTO `documents` (`id`, `name`, `docnumber`, `user_id`) VALUES (76, 'Удостоверение', 29225, 76);
INSERT INTO `documents` (`id`, `name`, `docnumber`, `user_id`) VALUES (77, 'ИНН', 21875, 77);
INSERT INTO `documents` (`id`, `name`, `docnumber`, `user_id`) VALUES (78, 'ИНН', 23188, 78);
INSERT INTO `documents` (`id`, `name`, `docnumber`, `user_id`) VALUES (79, 'ИНН', 37761, 79);
INSERT INTO `documents` (`id`, `name`, `docnumber`, `user_id`) VALUES (80, 'Удостоверение', 13393, 80);
INSERT INTO `documents` (`id`, `name`, `docnumber`, `user_id`) VALUES (81, 'ИНН', 16044, 81);
INSERT INTO `documents` (`id`, `name`, `docnumber`, `user_id`) VALUES (82, 'ИНН', 16622, 82);
INSERT INTO `documents` (`id`, `name`, `docnumber`, `user_id`) VALUES (83, 'Паспорт', 23794, 83);
INSERT INTO `documents` (`id`, `name`, `docnumber`, `user_id`) VALUES (84, 'ИНН', 21182, 84);
INSERT INTO `documents` (`id`, `name`, `docnumber`, `user_id`) VALUES (85, 'Паспорт', 35792, 85);
INSERT INTO `documents` (`id`, `name`, `docnumber`, `user_id`) VALUES (86, 'Удостоверение', 12161, 86);
INSERT INTO `documents` (`id`, `name`, `docnumber`, `user_id`) VALUES (87, 'Паспорт', 17305, 87);
INSERT INTO `documents` (`id`, `name`, `docnumber`, `user_id`) VALUES (88, 'Паспорт', 19552, 88);
INSERT INTO `documents` (`id`, `name`, `docnumber`, `user_id`) VALUES (89, 'Паспорт', 17342, 89);
INSERT INTO `documents` (`id`, `name`, `docnumber`, `user_id`) VALUES (90, 'ИНН', 16765, 90);
INSERT INTO `documents` (`id`, `name`, `docnumber`, `user_id`) VALUES (91, 'Паспорт', 12238, 91);
INSERT INTO `documents` (`id`, `name`, `docnumber`, `user_id`) VALUES (92, 'Паспорт', 26972, 92);
INSERT INTO `documents` (`id`, `name`, `docnumber`, `user_id`) VALUES (93, 'Паспорт', 32846, 93);
INSERT INTO `documents` (`id`, `name`, `docnumber`, `user_id`) VALUES (94, 'Удостоверение', 10910, 94);
INSERT INTO `documents` (`id`, `name`, `docnumber`, `user_id`) VALUES (95, 'Удостоверение', 11376, 95);
INSERT INTO `documents` (`id`, `name`, `docnumber`, `user_id`) VALUES (96, 'ИНН', 21873, 96);
INSERT INTO `documents` (`id`, `name`, `docnumber`, `user_id`) VALUES (97, 'Паспорт', 32040, 97);
INSERT INTO `documents` (`id`, `name`, `docnumber`, `user_id`) VALUES (98, 'Паспорт', 36931, 98);
INSERT INTO `documents` (`id`, `name`, `docnumber`, `user_id`) VALUES (99, 'ИНН', 14574, 99);
INSERT INTO `documents` (`id`, `name`, `docnumber`, `user_id`) VALUES (100, 'Паспорт', 32328, 100);
INSERT INTO `documents` (`id`, `name`, `docnumber`, `user_id`) VALUES (101, 'Удостоверение', 38196, 1);
INSERT INTO `documents` (`id`, `name`, `docnumber`, `user_id`) VALUES (102, 'Удостоверение', 15220, 2);
INSERT INTO `documents` (`id`, `name`, `docnumber`, `user_id`) VALUES (103, 'ИНН', 38820, 3);
INSERT INTO `documents` (`id`, `name`, `docnumber`, `user_id`) VALUES (104, 'Удостоверение', 20622, 4);
INSERT INTO `documents` (`id`, `name`, `docnumber`, `user_id`) VALUES (105, 'Паспорт', 26220, 5);
INSERT INTO `documents` (`id`, `name`, `docnumber`, `user_id`) VALUES (106, 'ИНН', 17879, 6);
INSERT INTO `documents` (`id`, `name`, `docnumber`, `user_id`) VALUES (107, 'Удостоверение', 23443, 7);
INSERT INTO `documents` (`id`, `name`, `docnumber`, `user_id`) VALUES (108, 'Удостоверение', 21959, 8);
INSERT INTO `documents` (`id`, `name`, `docnumber`, `user_id`) VALUES (109, 'Паспорт', 15319, 9);
INSERT INTO `documents` (`id`, `name`, `docnumber`, `user_id`) VALUES (110, 'ИНН', 21539, 10);
INSERT INTO `documents` (`id`, `name`, `docnumber`, `user_id`) VALUES (111, 'Удостоверение', 35462, 11);
INSERT INTO `documents` (`id`, `name`, `docnumber`, `user_id`) VALUES (112, 'Удостоверение', 10909, 12);
INSERT INTO `documents` (`id`, `name`, `docnumber`, `user_id`) VALUES (113, 'ИНН', 13124, 13);
INSERT INTO `documents` (`id`, `name`, `docnumber`, `user_id`) VALUES (114, 'Паспорт', 28457, 14);
INSERT INTO `documents` (`id`, `name`, `docnumber`, `user_id`) VALUES (115, 'Паспорт', 22637, 15);
INSERT INTO `documents` (`id`, `name`, `docnumber`, `user_id`) VALUES (116, 'Паспорт', 29860, 16);
INSERT INTO `documents` (`id`, `name`, `docnumber`, `user_id`) VALUES (117, 'ИНН', 35917, 17);
INSERT INTO `documents` (`id`, `name`, `docnumber`, `user_id`) VALUES (118, 'Паспорт', 31712, 18);
INSERT INTO `documents` (`id`, `name`, `docnumber`, `user_id`) VALUES (119, 'ИНН', 16462, 19);
INSERT INTO `documents` (`id`, `name`, `docnumber`, `user_id`) VALUES (120, 'ИНН', 27875, 20);
INSERT INTO `documents` (`id`, `name`, `docnumber`, `user_id`) VALUES (121, 'Паспорт', 35259, 21);
INSERT INTO `documents` (`id`, `name`, `docnumber`, `user_id`) VALUES (122, 'Паспорт', 14306, 22);
INSERT INTO `documents` (`id`, `name`, `docnumber`, `user_id`) VALUES (123, 'Паспорт', 35219, 23);
INSERT INTO `documents` (`id`, `name`, `docnumber`, `user_id`) VALUES (124, 'Удостоверение', 12634, 24);
INSERT INTO `documents` (`id`, `name`, `docnumber`, `user_id`) VALUES (125, 'Удостоверение', 22658, 25);
INSERT INTO `documents` (`id`, `name`, `docnumber`, `user_id`) VALUES (126, 'Удостоверение', 37204, 26);
INSERT INTO `documents` (`id`, `name`, `docnumber`, `user_id`) VALUES (127, 'Удостоверение', 23319, 27);
INSERT INTO `documents` (`id`, `name`, `docnumber`, `user_id`) VALUES (128, 'Паспорт', 21721, 28);
INSERT INTO `documents` (`id`, `name`, `docnumber`, `user_id`) VALUES (129, 'ИНН', 28191, 29);
INSERT INTO `documents` (`id`, `name`, `docnumber`, `user_id`) VALUES (130, 'ИНН', 30468, 30);
INSERT INTO `documents` (`id`, `name`, `docnumber`, `user_id`) VALUES (131, 'Паспорт', 30017, 31);
INSERT INTO `documents` (`id`, `name`, `docnumber`, `user_id`) VALUES (132, 'Паспорт', 37238, 32);
INSERT INTO `documents` (`id`, `name`, `docnumber`, `user_id`) VALUES (133, 'Удостоверение', 21368, 33);
INSERT INTO `documents` (`id`, `name`, `docnumber`, `user_id`) VALUES (134, 'ИНН', 28204, 34);
INSERT INTO `documents` (`id`, `name`, `docnumber`, `user_id`) VALUES (135, 'ИНН', 22397, 35);
INSERT INTO `documents` (`id`, `name`, `docnumber`, `user_id`) VALUES (136, 'Паспорт', 16064, 36);
INSERT INTO `documents` (`id`, `name`, `docnumber`, `user_id`) VALUES (137, 'Удостоверение', 15572, 37);
INSERT INTO `documents` (`id`, `name`, `docnumber`, `user_id`) VALUES (138, 'Удостоверение', 13523, 38);
INSERT INTO `documents` (`id`, `name`, `docnumber`, `user_id`) VALUES (139, 'ИНН', 11632, 39);
INSERT INTO `documents` (`id`, `name`, `docnumber`, `user_id`) VALUES (140, 'ИНН', 22854, 40);
INSERT INTO `documents` (`id`, `name`, `docnumber`, `user_id`) VALUES (141, 'Паспорт', 34146, 41);
INSERT INTO `documents` (`id`, `name`, `docnumber`, `user_id`) VALUES (142, 'Удостоверение', 26198, 42);
INSERT INTO `documents` (`id`, `name`, `docnumber`, `user_id`) VALUES (143, 'Паспорт', 34091, 43);
INSERT INTO `documents` (`id`, `name`, `docnumber`, `user_id`) VALUES (144, 'ИНН', 14584, 44);
INSERT INTO `documents` (`id`, `name`, `docnumber`, `user_id`) VALUES (145, 'Паспорт', 14748, 45);
INSERT INTO `documents` (`id`, `name`, `docnumber`, `user_id`) VALUES (146, 'Паспорт', 23795, 46);
INSERT INTO `documents` (`id`, `name`, `docnumber`, `user_id`) VALUES (147, 'Паспорт', 32514, 47);
INSERT INTO `documents` (`id`, `name`, `docnumber`, `user_id`) VALUES (148, 'ИНН', 36094, 48);
INSERT INTO `documents` (`id`, `name`, `docnumber`, `user_id`) VALUES (149, 'Паспорт', 19365, 49);
INSERT INTO `documents` (`id`, `name`, `docnumber`, `user_id`) VALUES (150, 'Удостоверение', 23541, 50);

INSERT INTO `users_profiles` (`user_id`, `user_type_id`, `document_id`, `created_at`, `updated_at`) VALUES (1, 1, 1, '2019-08-24 00:38:02', '2020-03-17 12:41:02');
INSERT INTO `users_profiles` (`user_id`, `user_type_id`, `document_id`, `created_at`, `updated_at`) VALUES (2, 2, 2, '2020-05-19 10:40:04', '2019-12-17 16:24:55');
INSERT INTO `users_profiles` (`user_id`, `user_type_id`, `document_id`, `created_at`, `updated_at`) VALUES (3, 3, 3, '2020-05-27 02:49:58', '2019-09-19 09:30:29');
INSERT INTO `users_profiles` (`user_id`, `user_type_id`, `document_id`, `created_at`, `updated_at`) VALUES (4, 1, 4, '2020-03-21 09:43:49', '2019-08-29 18:17:07');
INSERT INTO `users_profiles` (`user_id`, `user_type_id`, `document_id`, `created_at`, `updated_at`) VALUES (5, 2, 5, '2020-05-28 14:44:30', '2019-07-21 15:07:33');
INSERT INTO `users_profiles` (`user_id`, `user_type_id`, `document_id`, `created_at`, `updated_at`) VALUES (6, 3, 6, '2020-01-11 16:09:28', '2020-01-12 07:08:46');
INSERT INTO `users_profiles` (`user_id`, `user_type_id`, `document_id`, `created_at`, `updated_at`) VALUES (7, 1, 7, '2019-06-24 20:14:57', '2019-07-18 15:06:09');
INSERT INTO `users_profiles` (`user_id`, `user_type_id`, `document_id`, `created_at`, `updated_at`) VALUES (8, 2, 8, '2020-01-17 12:16:50', '2020-02-03 03:48:47');
INSERT INTO `users_profiles` (`user_id`, `user_type_id`, `document_id`, `created_at`, `updated_at`) VALUES (9, 3, 9, '2019-10-27 17:49:54', '2020-05-02 22:04:48');
INSERT INTO `users_profiles` (`user_id`, `user_type_id`, `document_id`, `created_at`, `updated_at`) VALUES (10, 1, 10, '2019-11-29 20:10:09', '2020-04-29 17:47:24');
INSERT INTO `users_profiles` (`user_id`, `user_type_id`, `document_id`, `created_at`, `updated_at`) VALUES (11, 2, 11, '2020-05-24 01:41:54', '2020-01-07 20:40:34');
INSERT INTO `users_profiles` (`user_id`, `user_type_id`, `document_id`, `created_at`, `updated_at`) VALUES (12, 3, 12, '2019-09-14 06:14:33', '2019-09-29 14:31:19');
INSERT INTO `users_profiles` (`user_id`, `user_type_id`, `document_id`, `created_at`, `updated_at`) VALUES (13, 1, 13, '2019-11-11 20:34:25', '2019-11-01 07:35:58');
INSERT INTO `users_profiles` (`user_id`, `user_type_id`, `document_id`, `created_at`, `updated_at`) VALUES (14, 2, 14, '2020-01-09 06:12:13', '2020-05-09 09:56:05');
INSERT INTO `users_profiles` (`user_id`, `user_type_id`, `document_id`, `created_at`, `updated_at`) VALUES (15, 3, 15, '2019-08-02 14:12:24', '2020-01-26 00:14:30');
INSERT INTO `users_profiles` (`user_id`, `user_type_id`, `document_id`, `created_at`, `updated_at`) VALUES (16, 1, 16, '2020-04-28 03:55:34', '2020-05-23 07:54:59');
INSERT INTO `users_profiles` (`user_id`, `user_type_id`, `document_id`, `created_at`, `updated_at`) VALUES (17, 2, 17, '2019-10-29 01:03:17', '2019-12-14 23:30:24');
INSERT INTO `users_profiles` (`user_id`, `user_type_id`, `document_id`, `created_at`, `updated_at`) VALUES (18, 3, 18, '2019-11-26 14:15:31', '2020-04-29 21:24:28');
INSERT INTO `users_profiles` (`user_id`, `user_type_id`, `document_id`, `created_at`, `updated_at`) VALUES (19, 1, 19, '2019-11-20 00:23:12', '2019-08-31 21:42:16');
INSERT INTO `users_profiles` (`user_id`, `user_type_id`, `document_id`, `created_at`, `updated_at`) VALUES (20, 2, 20, '2019-12-05 14:02:16', '2019-08-11 10:47:00');
INSERT INTO `users_profiles` (`user_id`, `user_type_id`, `document_id`, `created_at`, `updated_at`) VALUES (21, 3, 21, '2020-02-24 19:07:16', '2019-11-08 07:24:55');
INSERT INTO `users_profiles` (`user_id`, `user_type_id`, `document_id`, `created_at`, `updated_at`) VALUES (22, 1, 22, '2019-08-25 16:51:53', '2019-12-25 11:16:45');
INSERT INTO `users_profiles` (`user_id`, `user_type_id`, `document_id`, `created_at`, `updated_at`) VALUES (23, 2, 23, '2020-02-03 22:42:39', '2019-10-02 02:55:36');
INSERT INTO `users_profiles` (`user_id`, `user_type_id`, `document_id`, `created_at`, `updated_at`) VALUES (24, 3, 24, '2019-11-24 00:17:39', '2019-11-23 17:39:56');
INSERT INTO `users_profiles` (`user_id`, `user_type_id`, `document_id`, `created_at`, `updated_at`) VALUES (25, 1, 25, '2020-03-20 05:59:13', '2019-08-02 09:39:25');
INSERT INTO `users_profiles` (`user_id`, `user_type_id`, `document_id`, `created_at`, `updated_at`) VALUES (26, 2, 26, '2019-06-02 17:22:58', '2020-02-03 23:32:35');
INSERT INTO `users_profiles` (`user_id`, `user_type_id`, `document_id`, `created_at`, `updated_at`) VALUES (27, 3, 27, '2020-01-24 11:14:38', '2020-03-31 18:44:17');
INSERT INTO `users_profiles` (`user_id`, `user_type_id`, `document_id`, `created_at`, `updated_at`) VALUES (28, 1, 28, '2019-09-27 22:54:29', '2020-01-21 19:02:45');
INSERT INTO `users_profiles` (`user_id`, `user_type_id`, `document_id`, `created_at`, `updated_at`) VALUES (29, 2, 29, '2020-05-04 17:14:18', '2019-12-27 00:38:11');
INSERT INTO `users_profiles` (`user_id`, `user_type_id`, `document_id`, `created_at`, `updated_at`) VALUES (30, 3, 30, '2020-02-19 20:17:18', '2019-11-10 07:05:29');
INSERT INTO `users_profiles` (`user_id`, `user_type_id`, `document_id`, `created_at`, `updated_at`) VALUES (31, 1, 31, '2020-03-28 01:25:05', '2020-02-09 21:46:35');
INSERT INTO `users_profiles` (`user_id`, `user_type_id`, `document_id`, `created_at`, `updated_at`) VALUES (32, 2, 32, '2019-08-30 15:57:18', '2020-04-12 11:27:46');
INSERT INTO `users_profiles` (`user_id`, `user_type_id`, `document_id`, `created_at`, `updated_at`) VALUES (33, 3, 33, '2020-05-03 02:20:09', '2020-05-26 00:39:08');
INSERT INTO `users_profiles` (`user_id`, `user_type_id`, `document_id`, `created_at`, `updated_at`) VALUES (34, 1, 34, '2020-04-22 11:06:47', '2019-10-02 17:47:17');
INSERT INTO `users_profiles` (`user_id`, `user_type_id`, `document_id`, `created_at`, `updated_at`) VALUES (35, 2, 35, '2020-01-08 15:37:21', '2020-03-29 17:13:45');
INSERT INTO `users_profiles` (`user_id`, `user_type_id`, `document_id`, `created_at`, `updated_at`) VALUES (36, 3, 36, '2019-12-08 19:35:12', '2020-03-29 10:19:55');
INSERT INTO `users_profiles` (`user_id`, `user_type_id`, `document_id`, `created_at`, `updated_at`) VALUES (37, 1, 37, '2019-12-12 13:24:56', '2020-04-06 19:22:30');
INSERT INTO `users_profiles` (`user_id`, `user_type_id`, `document_id`, `created_at`, `updated_at`) VALUES (38, 2, 38, '2020-04-18 09:55:35', '2019-06-20 02:40:30');
INSERT INTO `users_profiles` (`user_id`, `user_type_id`, `document_id`, `created_at`, `updated_at`) VALUES (39, 3, 39, '2020-04-13 09:46:18', '2019-06-08 21:00:37');
INSERT INTO `users_profiles` (`user_id`, `user_type_id`, `document_id`, `created_at`, `updated_at`) VALUES (40, 1, 40, '2019-06-14 23:07:57', '2019-11-21 08:04:31');
INSERT INTO `users_profiles` (`user_id`, `user_type_id`, `document_id`, `created_at`, `updated_at`) VALUES (41, 2, 41, '2019-11-18 10:46:51', '2019-12-11 11:27:41');
INSERT INTO `users_profiles` (`user_id`, `user_type_id`, `document_id`, `created_at`, `updated_at`) VALUES (42, 3, 42, '2019-12-27 05:08:34', '2019-09-22 01:32:42');
INSERT INTO `users_profiles` (`user_id`, `user_type_id`, `document_id`, `created_at`, `updated_at`) VALUES (43, 1, 43, '2019-08-08 04:27:33', '2019-10-20 13:18:13');
INSERT INTO `users_profiles` (`user_id`, `user_type_id`, `document_id`, `created_at`, `updated_at`) VALUES (44, 2, 44, '2020-03-20 10:08:11', '2019-07-07 13:06:03');
INSERT INTO `users_profiles` (`user_id`, `user_type_id`, `document_id`, `created_at`, `updated_at`) VALUES (45, 3, 45, '2020-05-04 02:42:34', '2020-01-09 08:23:58');
INSERT INTO `users_profiles` (`user_id`, `user_type_id`, `document_id`, `created_at`, `updated_at`) VALUES (46, 1, 46, '2020-03-04 07:18:42', '2020-05-25 17:54:44');
INSERT INTO `users_profiles` (`user_id`, `user_type_id`, `document_id`, `created_at`, `updated_at`) VALUES (47, 2, 47, '2020-04-03 15:15:53', '2020-04-15 10:21:20');
INSERT INTO `users_profiles` (`user_id`, `user_type_id`, `document_id`, `created_at`, `updated_at`) VALUES (48, 3, 48, '2019-06-16 22:57:46', '2020-04-21 08:32:12');
INSERT INTO `users_profiles` (`user_id`, `user_type_id`, `document_id`, `created_at`, `updated_at`) VALUES (49, 1, 49, '2019-12-30 10:07:20', '2019-08-28 19:37:26');
INSERT INTO `users_profiles` (`user_id`, `user_type_id`, `document_id`, `created_at`, `updated_at`) VALUES (50, 2, 50, '2020-02-06 02:30:37', '2019-12-03 03:12:30');
INSERT INTO `users_profiles` (`user_id`, `user_type_id`, `document_id`, `created_at`, `updated_at`) VALUES (51, 3, 51, '2020-04-23 04:26:09', '2019-11-07 01:48:04');
INSERT INTO `users_profiles` (`user_id`, `user_type_id`, `document_id`, `created_at`, `updated_at`) VALUES (52, 1, 52, '2020-02-10 06:29:19', '2020-03-03 21:48:57');
INSERT INTO `users_profiles` (`user_id`, `user_type_id`, `document_id`, `created_at`, `updated_at`) VALUES (53, 2, 53, '2019-10-18 13:54:26', '2019-11-09 23:00:28');
INSERT INTO `users_profiles` (`user_id`, `user_type_id`, `document_id`, `created_at`, `updated_at`) VALUES (54, 3, 54, '2020-04-03 12:57:17', '2020-01-28 00:17:54');
INSERT INTO `users_profiles` (`user_id`, `user_type_id`, `document_id`, `created_at`, `updated_at`) VALUES (55, 1, 55, '2019-09-22 06:26:56', '2020-03-17 05:01:53');
INSERT INTO `users_profiles` (`user_id`, `user_type_id`, `document_id`, `created_at`, `updated_at`) VALUES (56, 2, 56, '2019-08-28 02:19:34', '2019-11-05 13:09:38');
INSERT INTO `users_profiles` (`user_id`, `user_type_id`, `document_id`, `created_at`, `updated_at`) VALUES (57, 3, 57, '2020-04-02 21:39:28', '2020-04-17 02:47:12');
INSERT INTO `users_profiles` (`user_id`, `user_type_id`, `document_id`, `created_at`, `updated_at`) VALUES (58, 1, 58, '2019-09-01 13:07:13', '2019-10-01 04:51:21');
INSERT INTO `users_profiles` (`user_id`, `user_type_id`, `document_id`, `created_at`, `updated_at`) VALUES (59, 2, 59, '2020-03-21 20:15:19', '2019-07-31 14:45:14');
INSERT INTO `users_profiles` (`user_id`, `user_type_id`, `document_id`, `created_at`, `updated_at`) VALUES (60, 3, 60, '2019-09-27 04:09:46', '2019-08-24 16:40:39');
INSERT INTO `users_profiles` (`user_id`, `user_type_id`, `document_id`, `created_at`, `updated_at`) VALUES (61, 1, 61, '2020-03-02 18:56:21', '2019-08-01 17:33:22');
INSERT INTO `users_profiles` (`user_id`, `user_type_id`, `document_id`, `created_at`, `updated_at`) VALUES (62, 2, 62, '2019-06-24 00:55:25', '2019-10-31 03:40:13');
INSERT INTO `users_profiles` (`user_id`, `user_type_id`, `document_id`, `created_at`, `updated_at`) VALUES (63, 3, 63, '2019-07-17 14:55:58', '2019-12-26 18:47:14');
INSERT INTO `users_profiles` (`user_id`, `user_type_id`, `document_id`, `created_at`, `updated_at`) VALUES (64, 1, 64, '2019-06-07 09:51:26', '2020-04-26 11:42:48');
INSERT INTO `users_profiles` (`user_id`, `user_type_id`, `document_id`, `created_at`, `updated_at`) VALUES (65, 2, 65, '2020-04-27 00:16:42', '2019-09-05 23:55:17');
INSERT INTO `users_profiles` (`user_id`, `user_type_id`, `document_id`, `created_at`, `updated_at`) VALUES (66, 3, 66, '2020-04-24 12:49:58', '2020-03-17 21:25:55');
INSERT INTO `users_profiles` (`user_id`, `user_type_id`, `document_id`, `created_at`, `updated_at`) VALUES (67, 1, 67, '2019-10-18 09:14:30', '2019-11-12 12:09:34');
INSERT INTO `users_profiles` (`user_id`, `user_type_id`, `document_id`, `created_at`, `updated_at`) VALUES (68, 2, 68, '2019-10-25 07:19:51', '2019-12-12 21:45:54');
INSERT INTO `users_profiles` (`user_id`, `user_type_id`, `document_id`, `created_at`, `updated_at`) VALUES (69, 3, 69, '2020-01-06 11:48:24', '2019-11-10 18:53:29');
INSERT INTO `users_profiles` (`user_id`, `user_type_id`, `document_id`, `created_at`, `updated_at`) VALUES (70, 1, 70, '2019-09-20 07:32:28', '2019-07-08 15:21:56');
INSERT INTO `users_profiles` (`user_id`, `user_type_id`, `document_id`, `created_at`, `updated_at`) VALUES (71, 2, 71, '2020-03-12 20:12:06', '2020-01-17 01:58:42');
INSERT INTO `users_profiles` (`user_id`, `user_type_id`, `document_id`, `created_at`, `updated_at`) VALUES (72, 3, 72, '2019-06-07 02:06:36', '2020-02-24 13:27:35');
INSERT INTO `users_profiles` (`user_id`, `user_type_id`, `document_id`, `created_at`, `updated_at`) VALUES (73, 1, 73, '2019-09-09 04:22:26', '2019-08-27 18:13:43');
INSERT INTO `users_profiles` (`user_id`, `user_type_id`, `document_id`, `created_at`, `updated_at`) VALUES (74, 2, 74, '2019-12-02 18:01:30', '2020-02-14 22:05:20');
INSERT INTO `users_profiles` (`user_id`, `user_type_id`, `document_id`, `created_at`, `updated_at`) VALUES (75, 3, 75, '2020-02-20 20:07:42', '2019-06-10 16:14:32');
INSERT INTO `users_profiles` (`user_id`, `user_type_id`, `document_id`, `created_at`, `updated_at`) VALUES (76, 1, 76, '2019-06-17 14:53:33', '2019-08-09 22:57:33');
INSERT INTO `users_profiles` (`user_id`, `user_type_id`, `document_id`, `created_at`, `updated_at`) VALUES (77, 2, 77, '2020-02-11 09:37:31', '2019-09-19 06:52:26');
INSERT INTO `users_profiles` (`user_id`, `user_type_id`, `document_id`, `created_at`, `updated_at`) VALUES (78, 3, 78, '2019-12-06 16:35:01', '2019-06-13 08:48:24');
INSERT INTO `users_profiles` (`user_id`, `user_type_id`, `document_id`, `created_at`, `updated_at`) VALUES (79, 1, 79, '2020-04-25 15:08:15', '2019-11-15 22:11:33');
INSERT INTO `users_profiles` (`user_id`, `user_type_id`, `document_id`, `created_at`, `updated_at`) VALUES (80, 2, 80, '2020-05-18 14:58:19', '2019-08-03 17:43:28');
INSERT INTO `users_profiles` (`user_id`, `user_type_id`, `document_id`, `created_at`, `updated_at`) VALUES (81, 3, 81, '2020-04-02 10:42:29', '2020-01-25 09:01:25');
INSERT INTO `users_profiles` (`user_id`, `user_type_id`, `document_id`, `created_at`, `updated_at`) VALUES (82, 1, 82, '2020-02-02 12:28:53', '2019-07-17 06:59:59');
INSERT INTO `users_profiles` (`user_id`, `user_type_id`, `document_id`, `created_at`, `updated_at`) VALUES (83, 2, 83, '2019-10-03 19:53:03', '2020-04-06 11:57:28');
INSERT INTO `users_profiles` (`user_id`, `user_type_id`, `document_id`, `created_at`, `updated_at`) VALUES (84, 3, 84, '2019-09-26 14:43:46', '2019-09-20 03:43:12');
INSERT INTO `users_profiles` (`user_id`, `user_type_id`, `document_id`, `created_at`, `updated_at`) VALUES (85, 1, 85, '2020-03-05 23:46:22', '2019-09-18 07:31:50');
INSERT INTO `users_profiles` (`user_id`, `user_type_id`, `document_id`, `created_at`, `updated_at`) VALUES (86, 2, 86, '2020-01-15 08:55:05', '2019-09-10 09:13:09');
INSERT INTO `users_profiles` (`user_id`, `user_type_id`, `document_id`, `created_at`, `updated_at`) VALUES (87, 3, 87, '2019-06-02 12:29:33', '2019-09-05 15:34:54');
INSERT INTO `users_profiles` (`user_id`, `user_type_id`, `document_id`, `created_at`, `updated_at`) VALUES (88, 1, 88, '2020-02-07 01:05:26', '2019-07-20 13:39:57');
INSERT INTO `users_profiles` (`user_id`, `user_type_id`, `document_id`, `created_at`, `updated_at`) VALUES (89, 2, 89, '2019-07-16 13:38:30', '2019-07-14 04:52:04');
INSERT INTO `users_profiles` (`user_id`, `user_type_id`, `document_id`, `created_at`, `updated_at`) VALUES (90, 3, 90, '2019-08-29 15:39:46', '2020-05-05 11:48:59');
INSERT INTO `users_profiles` (`user_id`, `user_type_id`, `document_id`, `created_at`, `updated_at`) VALUES (91, 1, 91, '2019-07-06 02:33:13', '2019-10-02 06:41:44');
INSERT INTO `users_profiles` (`user_id`, `user_type_id`, `document_id`, `created_at`, `updated_at`) VALUES (92, 2, 92, '2020-04-02 15:28:42', '2020-02-16 08:03:13');
INSERT INTO `users_profiles` (`user_id`, `user_type_id`, `document_id`, `created_at`, `updated_at`) VALUES (93, 3, 93, '2019-12-31 05:40:35', '2020-03-21 04:30:47');
INSERT INTO `users_profiles` (`user_id`, `user_type_id`, `document_id`, `created_at`, `updated_at`) VALUES (94, 1, 94, '2020-04-20 21:31:46', '2019-06-13 14:22:02');
INSERT INTO `users_profiles` (`user_id`, `user_type_id`, `document_id`, `created_at`, `updated_at`) VALUES (95, 2, 95, '2019-10-16 01:32:44', '2019-12-03 17:08:11');
INSERT INTO `users_profiles` (`user_id`, `user_type_id`, `document_id`, `created_at`, `updated_at`) VALUES (96, 3, 96, '2020-01-20 03:17:01', '2020-03-01 21:49:22');
INSERT INTO `users_profiles` (`user_id`, `user_type_id`, `document_id`, `created_at`, `updated_at`) VALUES (97, 1, 97, '2019-07-16 18:14:11', '2020-02-10 16:27:19');
INSERT INTO `users_profiles` (`user_id`, `user_type_id`, `document_id`, `created_at`, `updated_at`) VALUES (98, 2, 98, '2019-08-04 15:09:54', '2019-07-26 09:42:41');
INSERT INTO `users_profiles` (`user_id`, `user_type_id`, `document_id`, `created_at`, `updated_at`) VALUES (99, 3, 99, '2019-11-11 23:54:01', '2019-06-08 10:33:04');
INSERT INTO `users_profiles` (`user_id`, `user_type_id`, `document_id`, `created_at`, `updated_at`) VALUES (100, 1, 100, '2019-07-22 19:35:25', '2019-10-22 19:37:02');

INSERT INTO `cities` (`id`, `name`, `coutry_id`) VALUES (1, 'Москва', 1);
INSERT INTO `cities` (`id`, `name`, `coutry_id`) VALUES (2, 'Санкт-Петербург', 1);
INSERT INTO `cities` (`id`, `name`, `coutry_id`) VALUES (3, 'Нижний Новгород', 1);
INSERT INTO `cities` (`id`, `name`, `coutry_id`) VALUES (4, 'Тверь', 1);
INSERT INTO `cities` (`id`, `name`, `coutry_id`) VALUES (5, 'Тула', 1);
INSERT INTO `cities` (`id`, `name`, `coutry_id`) VALUES (6, 'Самара', 1);
INSERT INTO `cities` (`id`, `name`, `coutry_id`) VALUES (7, 'Новосибирск', 1);
INSERT INTO `cities` (`id`, `name`, `coutry_id`) VALUES (8, 'Екатеринбург', 1);
INSERT INTO `cities` (`id`, `name`, `coutry_id`) VALUES (9, 'Владивосток', 1);
INSERT INTO `cities` (`id`, `name`, `coutry_id`) VALUES (10, 'Саратов', 1);
INSERT INTO `cities` (`id`, `name`, `coutry_id`) VALUES (11, 'Воронеж', 1);
INSERT INTO `cities` (`id`, `name`, `coutry_id`) VALUES (12, 'Уфа', 1);
INSERT INTO `cities` (`id`, `name`, `coutry_id`) VALUES (13, 'Новороссийск', 1);
INSERT INTO `cities` (`id`, `name`, `coutry_id`) VALUES (14, 'Красноярск', 1);
INSERT INTO `cities` (`id`, `name`, `coutry_id`) VALUES (15, 'Челябинск', 1);
INSERT INTO `cities` (`id`, `name`, `coutry_id`) VALUES (16, 'Казань', 1);
INSERT INTO `cities` (`id`, `name`, `coutry_id`) VALUES (17, 'Омск', 1);
INSERT INTO `cities` (`id`, `name`, `coutry_id`) VALUES (18, 'Нур-Султан', 2);
INSERT INTO `cities` (`id`, `name`, `coutry_id`) VALUES (19, 'Гуанчжоу', 3);
INSERT INTO `cities` (`id`, `name`, `coutry_id`) VALUES (20, 'Париж', 4);

INSERT INTO `routes` (`id`, `from_city`, `to_city`, `types`, `days`, `base_price`, `created_at`, `updated_at`) VALUES (1, 1, 1, 1, 8, '653.15', '2019-11-16 06:16:50', '2020-02-04 19:34:08');
INSERT INTO `routes` (`id`, `from_city`, `to_city`, `types`, `days`, `base_price`, `created_at`, `updated_at`) VALUES (2, 2, 2, 2, 3, '238.33', '2019-11-30 03:07:48', '2019-09-15 10:56:55');
INSERT INTO `routes` (`id`, `from_city`, `to_city`, `types`, `days`, `base_price`, `created_at`, `updated_at`) VALUES (3, 3, 3, 3, 6, '580.26', '2020-04-10 02:34:38', '2020-03-15 15:34:59');
INSERT INTO `routes` (`id`, `from_city`, `to_city`, `types`, `days`, `base_price`, `created_at`, `updated_at`) VALUES (4, 4, 4, 1, 9, '249.09', '2020-02-01 15:18:31', '2020-01-14 13:49:43');
INSERT INTO `routes` (`id`, `from_city`, `to_city`, `types`, `days`, `base_price`, `created_at`, `updated_at`) VALUES (5, 5, 5, 2, 1, '113.02', '2019-10-05 17:42:57', '2020-05-12 07:00:52');
INSERT INTO `routes` (`id`, `from_city`, `to_city`, `types`, `days`, `base_price`, `created_at`, `updated_at`) VALUES (6, 6, 6, 3, 4, '936.56', '2019-10-15 17:22:33', '2019-10-04 06:23:01');
INSERT INTO `routes` (`id`, `from_city`, `to_city`, `types`, `days`, `base_price`, `created_at`, `updated_at`) VALUES (7, 7, 7, 1, 1, '339.41', '2019-08-01 02:07:01', '2020-01-24 07:07:07');
INSERT INTO `routes` (`id`, `from_city`, `to_city`, `types`, `days`, `base_price`, `created_at`, `updated_at`) VALUES (8, 8, 8, 2, 3, '550.84', '2019-06-03 15:28:22', '2019-10-15 00:26:31');
INSERT INTO `routes` (`id`, `from_city`, `to_city`, `types`, `days`, `base_price`, `created_at`, `updated_at`) VALUES (9, 9, 9, 3, 3, '414.00', '2019-09-26 07:43:56', '2020-05-22 11:08:29');
INSERT INTO `routes` (`id`, `from_city`, `to_city`, `types`, `days`, `base_price`, `created_at`, `updated_at`) VALUES (10, 10, 10, 1, 4, '330.33', '2019-07-09 02:21:36', '2020-04-13 18:49:20');
INSERT INTO `routes` (`id`, `from_city`, `to_city`, `types`, `days`, `base_price`, `created_at`, `updated_at`) VALUES (11, 11, 11, 2, 3, '107.27', '2019-06-27 02:42:37', '2019-12-10 20:57:39');
INSERT INTO `routes` (`id`, `from_city`, `to_city`, `types`, `days`, `base_price`, `created_at`, `updated_at`) VALUES (12, 12, 12, 3, 9, '783.59', '2019-06-14 23:14:06', '2019-11-14 20:15:14');
INSERT INTO `routes` (`id`, `from_city`, `to_city`, `types`, `days`, `base_price`, `created_at`, `updated_at`) VALUES (13, 13, 13, 1, 5, '638.97', '2020-05-11 14:42:34', '2019-07-19 10:33:45');
INSERT INTO `routes` (`id`, `from_city`, `to_city`, `types`, `days`, `base_price`, `created_at`, `updated_at`) VALUES (14, 14, 14, 2, 9, '751.89', '2020-05-29 05:45:55', '2020-05-13 14:51:20');
INSERT INTO `routes` (`id`, `from_city`, `to_city`, `types`, `days`, `base_price`, `created_at`, `updated_at`) VALUES (15, 15, 15, 3, 7, '668.15', '2019-08-27 04:06:17', '2019-11-12 14:26:17');
INSERT INTO `routes` (`id`, `from_city`, `to_city`, `types`, `days`, `base_price`, `created_at`, `updated_at`) VALUES (16, 16, 16, 1, 5, '217.40', '2019-09-30 13:29:31', '2020-04-21 14:01:08');
INSERT INTO `routes` (`id`, `from_city`, `to_city`, `types`, `days`, `base_price`, `created_at`, `updated_at`) VALUES (17, 17, 17, 2, 3, '619.27', '2019-10-05 12:34:23', '2019-10-18 11:15:05');
INSERT INTO `routes` (`id`, `from_city`, `to_city`, `types`, `days`, `base_price`, `created_at`, `updated_at`) VALUES (18, 18, 18, 3, 3, '153.71', '2019-12-06 07:57:07', '2020-01-01 12:11:20');
INSERT INTO `routes` (`id`, `from_city`, `to_city`, `types`, `days`, `base_price`, `created_at`, `updated_at`) VALUES (19, 19, 19, 1, 1, '291.27', '2019-09-02 09:37:55', '2019-09-18 17:46:40');
INSERT INTO `routes` (`id`, `from_city`, `to_city`, `types`, `days`, `base_price`, `created_at`, `updated_at`) VALUES (20, 20, 20, 2, 6, '163.06', '2019-08-25 05:30:29', '2019-11-19 02:17:16');
INSERT INTO `routes` (`id`, `from_city`, `to_city`, `types`, `days`, `base_price`, `created_at`, `updated_at`) VALUES (21, 1, 1, 3, 4, '980.72', '2020-03-28 21:22:15', '2019-08-30 19:32:57');
INSERT INTO `routes` (`id`, `from_city`, `to_city`, `types`, `days`, `base_price`, `created_at`, `updated_at`) VALUES (22, 2, 2, 1, 6, '141.86', '2020-01-12 04:39:11', '2019-09-15 02:06:15');
INSERT INTO `routes` (`id`, `from_city`, `to_city`, `types`, `days`, `base_price`, `created_at`, `updated_at`) VALUES (23, 3, 3, 2, 9, '284.72', '2020-04-17 13:48:44', '2019-09-28 17:48:19');
INSERT INTO `routes` (`id`, `from_city`, `to_city`, `types`, `days`, `base_price`, `created_at`, `updated_at`) VALUES (24, 4, 4, 3, 9, '910.11', '2020-03-20 21:09:48', '2019-07-24 17:01:49');
INSERT INTO `routes` (`id`, `from_city`, `to_city`, `types`, `days`, `base_price`, `created_at`, `updated_at`) VALUES (25, 5, 5, 1, 1, '365.52', '2019-12-15 22:42:58', '2019-10-11 04:42:16');
INSERT INTO `routes` (`id`, `from_city`, `to_city`, `types`, `days`, `base_price`, `created_at`, `updated_at`) VALUES (26, 6, 6, 2, 3, '626.39', '2019-06-26 01:55:16', '2019-12-28 21:28:31');
INSERT INTO `routes` (`id`, `from_city`, `to_city`, `types`, `days`, `base_price`, `created_at`, `updated_at`) VALUES (27, 7, 7, 3, 8, '117.77', '2019-12-20 03:21:14', '2020-04-25 16:37:55');
INSERT INTO `routes` (`id`, `from_city`, `to_city`, `types`, `days`, `base_price`, `created_at`, `updated_at`) VALUES (28, 8, 8, 1, 1, '535.00', '2019-11-05 17:06:40', '2019-07-11 21:08:56');
INSERT INTO `routes` (`id`, `from_city`, `to_city`, `types`, `days`, `base_price`, `created_at`, `updated_at`) VALUES (29, 9, 9, 2, 7, '610.32', '2020-03-08 19:56:25', '2019-06-22 22:11:20');
INSERT INTO `routes` (`id`, `from_city`, `to_city`, `types`, `days`, `base_price`, `created_at`, `updated_at`) VALUES (30, 10, 10, 3, 6, '846.83', '2020-05-14 05:33:12', '2020-05-25 15:37:37');
INSERT INTO `routes` (`id`, `from_city`, `to_city`, `types`, `days`, `base_price`, `created_at`, `updated_at`) VALUES (31, 11, 11, 1, 4, '515.17', '2019-09-24 22:44:56', '2020-03-06 08:05:27');
INSERT INTO `routes` (`id`, `from_city`, `to_city`, `types`, `days`, `base_price`, `created_at`, `updated_at`) VALUES (32, 12, 12, 2, 6, '945.44', '2019-10-23 13:54:48', '2019-10-29 17:51:30');
INSERT INTO `routes` (`id`, `from_city`, `to_city`, `types`, `days`, `base_price`, `created_at`, `updated_at`) VALUES (33, 13, 13, 3, 3, '702.78', '2019-10-11 16:57:54', '2020-01-22 01:19:34');
INSERT INTO `routes` (`id`, `from_city`, `to_city`, `types`, `days`, `base_price`, `created_at`, `updated_at`) VALUES (34, 14, 14, 1, 6, '125.95', '2020-03-20 12:16:20', '2020-04-13 13:57:37');
INSERT INTO `routes` (`id`, `from_city`, `to_city`, `types`, `days`, `base_price`, `created_at`, `updated_at`) VALUES (35, 15, 15, 2, 2, '387.37', '2019-08-26 19:07:13', '2019-08-14 23:31:21');
INSERT INTO `routes` (`id`, `from_city`, `to_city`, `types`, `days`, `base_price`, `created_at`, `updated_at`) VALUES (36, 16, 16, 3, 7, '587.26', '2019-11-25 09:23:34', '2019-10-22 01:12:06');
INSERT INTO `routes` (`id`, `from_city`, `to_city`, `types`, `days`, `base_price`, `created_at`, `updated_at`) VALUES (37, 17, 17, 1, 7, '660.26', '2019-11-30 10:25:57', '2019-07-01 07:56:47');
INSERT INTO `routes` (`id`, `from_city`, `to_city`, `types`, `days`, `base_price`, `created_at`, `updated_at`) VALUES (38, 18, 18, 2, 2, '111.74', '2019-08-26 03:40:47', '2019-07-01 15:47:19');
INSERT INTO `routes` (`id`, `from_city`, `to_city`, `types`, `days`, `base_price`, `created_at`, `updated_at`) VALUES (39, 19, 19, 3, 8, '353.84', '2020-02-17 06:41:36', '2019-08-08 18:53:03');
INSERT INTO `routes` (`id`, `from_city`, `to_city`, `types`, `days`, `base_price`, `created_at`, `updated_at`) VALUES (40, 20, 20, 1, 7, '305.87', '2020-02-20 08:03:12', '2020-03-17 18:10:41');
INSERT INTO `routes` (`id`, `from_city`, `to_city`, `types`, `days`, `base_price`, `created_at`, `updated_at`) VALUES (41, 1, 1, 2, 9, '889.28', '2020-05-15 13:28:18', '2019-07-04 04:58:11');
INSERT INTO `routes` (`id`, `from_city`, `to_city`, `types`, `days`, `base_price`, `created_at`, `updated_at`) VALUES (42, 2, 2, 3, 6, '933.22', '2019-07-19 13:51:15', '2019-10-26 04:57:24');
INSERT INTO `routes` (`id`, `from_city`, `to_city`, `types`, `days`, `base_price`, `created_at`, `updated_at`) VALUES (43, 3, 3, 1, 2, '480.03', '2019-06-14 05:33:24', '2020-01-21 16:00:53');
INSERT INTO `routes` (`id`, `from_city`, `to_city`, `types`, `days`, `base_price`, `created_at`, `updated_at`) VALUES (44, 4, 4, 2, 7, '792.94', '2019-09-02 04:06:22', '2019-10-10 19:22:57');
INSERT INTO `routes` (`id`, `from_city`, `to_city`, `types`, `days`, `base_price`, `created_at`, `updated_at`) VALUES (45, 5, 5, 3, 7, '313.25', '2020-02-18 08:31:19', '2020-01-02 14:16:22');
INSERT INTO `routes` (`id`, `from_city`, `to_city`, `types`, `days`, `base_price`, `created_at`, `updated_at`) VALUES (46, 6, 6, 1, 8, '139.65', '2019-10-18 11:08:19', '2019-07-10 12:50:14');
INSERT INTO `routes` (`id`, `from_city`, `to_city`, `types`, `days`, `base_price`, `created_at`, `updated_at`) VALUES (47, 7, 7, 2, 6, '304.48', '2019-08-06 05:12:11', '2020-04-29 01:59:04');
INSERT INTO `routes` (`id`, `from_city`, `to_city`, `types`, `days`, `base_price`, `created_at`, `updated_at`) VALUES (48, 8, 8, 3, 2, '286.23', '2019-10-11 05:38:57', '2019-06-17 14:54:18');
INSERT INTO `routes` (`id`, `from_city`, `to_city`, `types`, `days`, `base_price`, `created_at`, `updated_at`) VALUES (49, 9, 9, 1, 4, '862.77', '2020-05-21 15:35:01', '2019-12-06 02:33:56');
INSERT INTO `routes` (`id`, `from_city`, `to_city`, `types`, `days`, `base_price`, `created_at`, `updated_at`) VALUES (50, 10, 10, 2, 1, '690.92', '2020-01-16 23:17:06', '2020-01-04 17:37:27');

INSERT INTO routes (from_city, to_city, types, days, base_price) VALUES 
  (16, 1, 2, 9, 910.15),
  (10, 1, 1, 8, 689.15),
  (5, 1, 3, 4, 999.15);

INSERT INTO `orders` (`id`, `from_user`, `to_user`, `paid_by_user`, `route_id`, `created_at`, `updated_at`) VALUES (1, 1, 1, 1, 1, '2019-08-11 06:37:46', '2020-04-09 13:48:54');
INSERT INTO `orders` (`id`, `from_user`, `to_user`, `paid_by_user`, `route_id`, `created_at`, `updated_at`) VALUES (2, 2, 2, 2, 2, '2020-04-24 14:24:24', '2020-02-28 06:59:37');
INSERT INTO `orders` (`id`, `from_user`, `to_user`, `paid_by_user`, `route_id`, `created_at`, `updated_at`) VALUES (3, 3, 3, 3, 3, '2020-03-20 05:01:39', '2019-10-15 01:08:48');
INSERT INTO `orders` (`id`, `from_user`, `to_user`, `paid_by_user`, `route_id`, `created_at`, `updated_at`) VALUES (4, 4, 4, 4, 4, '2019-11-05 01:29:06', '2020-05-08 05:33:34');
INSERT INTO `orders` (`id`, `from_user`, `to_user`, `paid_by_user`, `route_id`, `created_at`, `updated_at`) VALUES (5, 5, 5, 5, 5, '2019-09-12 00:47:42', '2020-01-30 06:11:25');
INSERT INTO `orders` (`id`, `from_user`, `to_user`, `paid_by_user`, `route_id`, `created_at`, `updated_at`) VALUES (6, 6, 6, 6, 6, '2020-04-08 01:18:36', '2019-09-24 02:13:27');
INSERT INTO `orders` (`id`, `from_user`, `to_user`, `paid_by_user`, `route_id`, `created_at`, `updated_at`) VALUES (7, 7, 7, 7, 7, '2019-07-24 01:35:43', '2020-03-22 09:39:25');
INSERT INTO `orders` (`id`, `from_user`, `to_user`, `paid_by_user`, `route_id`, `created_at`, `updated_at`) VALUES (8, 8, 8, 8, 8, '2020-04-16 10:55:17', '2020-05-04 14:19:36');
INSERT INTO `orders` (`id`, `from_user`, `to_user`, `paid_by_user`, `route_id`, `created_at`, `updated_at`) VALUES (9, 9, 9, 9, 9, '2019-06-28 09:59:35', '2020-02-01 10:27:46');
INSERT INTO `orders` (`id`, `from_user`, `to_user`, `paid_by_user`, `route_id`, `created_at`, `updated_at`) VALUES (10, 10, 10, 10, 10, '2020-02-17 18:37:26', '2020-02-04 11:33:42');
INSERT INTO `orders` (`id`, `from_user`, `to_user`, `paid_by_user`, `route_id`, `created_at`, `updated_at`) VALUES (11, 11, 11, 11, 11, '2020-04-21 07:12:02', '2020-01-09 22:37:34');
INSERT INTO `orders` (`id`, `from_user`, `to_user`, `paid_by_user`, `route_id`, `created_at`, `updated_at`) VALUES (12, 12, 12, 12, 12, '2019-09-07 04:34:08', '2019-12-10 17:33:20');
INSERT INTO `orders` (`id`, `from_user`, `to_user`, `paid_by_user`, `route_id`, `created_at`, `updated_at`) VALUES (13, 13, 13, 13, 13, '2019-06-13 22:29:08', '2019-09-19 11:52:22');
INSERT INTO `orders` (`id`, `from_user`, `to_user`, `paid_by_user`, `route_id`, `created_at`, `updated_at`) VALUES (14, 14, 14, 14, 14, '2019-07-14 04:02:26', '2019-10-25 09:40:39');
INSERT INTO `orders` (`id`, `from_user`, `to_user`, `paid_by_user`, `route_id`, `created_at`, `updated_at`) VALUES (15, 15, 15, 15, 15, '2019-10-31 12:51:09', '2019-07-31 09:47:42');
INSERT INTO `orders` (`id`, `from_user`, `to_user`, `paid_by_user`, `route_id`, `created_at`, `updated_at`) VALUES (16, 16, 16, 16, 16, '2020-01-22 07:11:02', '2020-01-08 20:46:42');
INSERT INTO `orders` (`id`, `from_user`, `to_user`, `paid_by_user`, `route_id`, `created_at`, `updated_at`) VALUES (17, 17, 17, 17, 17, '2020-02-24 09:12:56', '2020-02-06 02:24:23');
INSERT INTO `orders` (`id`, `from_user`, `to_user`, `paid_by_user`, `route_id`, `created_at`, `updated_at`) VALUES (18, 18, 18, 18, 18, '2020-05-07 12:56:59', '2020-04-07 21:41:16');
INSERT INTO `orders` (`id`, `from_user`, `to_user`, `paid_by_user`, `route_id`, `created_at`, `updated_at`) VALUES (19, 19, 19, 19, 19, '2019-12-22 14:34:19', '2020-01-07 20:08:22');
INSERT INTO `orders` (`id`, `from_user`, `to_user`, `paid_by_user`, `route_id`, `created_at`, `updated_at`) VALUES (20, 20, 20, 20, 20, '2019-11-14 06:35:37', '2019-12-24 07:14:55');
INSERT INTO `orders` (`id`, `from_user`, `to_user`, `paid_by_user`, `route_id`, `created_at`, `updated_at`) VALUES (21, 21, 21, 21, 21, '2019-11-23 16:47:18', '2019-12-10 20:05:07');
INSERT INTO `orders` (`id`, `from_user`, `to_user`, `paid_by_user`, `route_id`, `created_at`, `updated_at`) VALUES (22, 22, 22, 22, 22, '2019-11-16 18:41:40', '2019-11-07 05:39:36');
INSERT INTO `orders` (`id`, `from_user`, `to_user`, `paid_by_user`, `route_id`, `created_at`, `updated_at`) VALUES (23, 23, 23, 23, 23, '2019-09-18 14:19:46', '2020-01-15 04:57:19');
INSERT INTO `orders` (`id`, `from_user`, `to_user`, `paid_by_user`, `route_id`, `created_at`, `updated_at`) VALUES (24, 24, 24, 24, 24, '2020-03-06 15:06:11', '2020-01-22 07:28:34');
INSERT INTO `orders` (`id`, `from_user`, `to_user`, `paid_by_user`, `route_id`, `created_at`, `updated_at`) VALUES (25, 25, 25, 25, 25, '2020-03-20 06:55:34', '2020-01-03 21:56:45');
INSERT INTO `orders` (`id`, `from_user`, `to_user`, `paid_by_user`, `route_id`, `created_at`, `updated_at`) VALUES (26, 26, 26, 26, 26, '2020-03-22 13:07:07', '2019-07-18 07:05:46');
INSERT INTO `orders` (`id`, `from_user`, `to_user`, `paid_by_user`, `route_id`, `created_at`, `updated_at`) VALUES (27, 27, 27, 27, 27, '2019-12-08 21:00:55', '2019-11-29 05:54:28');
INSERT INTO `orders` (`id`, `from_user`, `to_user`, `paid_by_user`, `route_id`, `created_at`, `updated_at`) VALUES (28, 28, 28, 28, 28, '2019-12-28 15:40:51', '2019-06-30 15:25:10');
INSERT INTO `orders` (`id`, `from_user`, `to_user`, `paid_by_user`, `route_id`, `created_at`, `updated_at`) VALUES (29, 29, 29, 29, 29, '2019-08-08 23:52:31', '2020-05-27 18:26:01');
INSERT INTO `orders` (`id`, `from_user`, `to_user`, `paid_by_user`, `route_id`, `created_at`, `updated_at`) VALUES (30, 30, 30, 30, 30, '2019-09-24 23:34:22', '2019-10-30 15:17:12');
INSERT INTO `orders` (`id`, `from_user`, `to_user`, `paid_by_user`, `route_id`, `created_at`, `updated_at`) VALUES (31, 31, 31, 31, 31, '2020-02-12 02:05:36', '2020-04-21 06:36:33');
INSERT INTO `orders` (`id`, `from_user`, `to_user`, `paid_by_user`, `route_id`, `created_at`, `updated_at`) VALUES (32, 32, 32, 32, 32, '2019-12-07 08:04:18', '2020-02-22 21:59:38');
INSERT INTO `orders` (`id`, `from_user`, `to_user`, `paid_by_user`, `route_id`, `created_at`, `updated_at`) VALUES (33, 33, 33, 33, 33, '2019-11-01 22:24:33', '2019-10-01 15:19:49');
INSERT INTO `orders` (`id`, `from_user`, `to_user`, `paid_by_user`, `route_id`, `created_at`, `updated_at`) VALUES (34, 34, 34, 34, 34, '2020-05-26 14:22:42', '2020-04-28 20:06:29');
INSERT INTO `orders` (`id`, `from_user`, `to_user`, `paid_by_user`, `route_id`, `created_at`, `updated_at`) VALUES (35, 35, 35, 35, 35, '2019-10-27 02:30:10', '2020-04-09 04:49:21');
INSERT INTO `orders` (`id`, `from_user`, `to_user`, `paid_by_user`, `route_id`, `created_at`, `updated_at`) VALUES (36, 36, 36, 36, 36, '2020-01-07 04:00:21', '2019-12-26 06:48:21');
INSERT INTO `orders` (`id`, `from_user`, `to_user`, `paid_by_user`, `route_id`, `created_at`, `updated_at`) VALUES (37, 37, 37, 37, 37, '2019-12-28 15:18:08', '2019-12-08 20:49:54');
INSERT INTO `orders` (`id`, `from_user`, `to_user`, `paid_by_user`, `route_id`, `created_at`, `updated_at`) VALUES (38, 38, 38, 38, 38, '2019-08-11 09:35:55', '2020-02-08 20:52:18');
INSERT INTO `orders` (`id`, `from_user`, `to_user`, `paid_by_user`, `route_id`, `created_at`, `updated_at`) VALUES (39, 39, 39, 39, 39, '2020-03-15 06:40:24', '2019-09-25 03:54:30');
INSERT INTO `orders` (`id`, `from_user`, `to_user`, `paid_by_user`, `route_id`, `created_at`, `updated_at`) VALUES (40, 40, 40, 40, 40, '2020-03-18 13:37:49', '2019-11-26 13:27:00');
INSERT INTO `orders` (`id`, `from_user`, `to_user`, `paid_by_user`, `route_id`, `created_at`, `updated_at`) VALUES (41, 41, 41, 41, 41, '2020-02-13 09:04:44', '2019-08-09 21:09:11');
INSERT INTO `orders` (`id`, `from_user`, `to_user`, `paid_by_user`, `route_id`, `created_at`, `updated_at`) VALUES (42, 42, 42, 42, 42, '2019-11-10 00:47:09', '2019-06-20 13:46:07');
INSERT INTO `orders` (`id`, `from_user`, `to_user`, `paid_by_user`, `route_id`, `created_at`, `updated_at`) VALUES (43, 43, 43, 43, 43, '2019-12-11 20:20:37', '2019-06-28 11:36:55');
INSERT INTO `orders` (`id`, `from_user`, `to_user`, `paid_by_user`, `route_id`, `created_at`, `updated_at`) VALUES (44, 44, 44, 44, 44, '2020-01-04 16:15:10', '2019-12-07 14:21:19');
INSERT INTO `orders` (`id`, `from_user`, `to_user`, `paid_by_user`, `route_id`, `created_at`, `updated_at`) VALUES (45, 45, 45, 45, 45, '2019-11-20 19:45:46', '2019-08-17 04:26:31');
INSERT INTO `orders` (`id`, `from_user`, `to_user`, `paid_by_user`, `route_id`, `created_at`, `updated_at`) VALUES (46, 46, 46, 46, 46, '2020-01-07 21:23:48', '2019-07-13 14:07:21');
INSERT INTO `orders` (`id`, `from_user`, `to_user`, `paid_by_user`, `route_id`, `created_at`, `updated_at`) VALUES (47, 47, 47, 47, 47, '2020-01-03 08:43:47', '2020-04-10 20:25:09');
INSERT INTO `orders` (`id`, `from_user`, `to_user`, `paid_by_user`, `route_id`, `created_at`, `updated_at`) VALUES (48, 48, 48, 48, 48, '2020-02-03 00:03:15', '2019-12-02 04:41:48');
INSERT INTO `orders` (`id`, `from_user`, `to_user`, `paid_by_user`, `route_id`, `created_at`, `updated_at`) VALUES (49, 49, 49, 49, 49, '2019-06-12 00:48:10', '2019-12-27 05:51:13');
INSERT INTO `orders` (`id`, `from_user`, `to_user`, `paid_by_user`, `route_id`, `created_at`, `updated_at`) VALUES (50, 50, 50, 50, 50, '2019-12-23 03:38:04', '2020-05-09 14:16:21');
INSERT INTO `orders` (`id`, `from_user`, `to_user`, `paid_by_user`, `route_id`, `created_at`, `updated_at`) VALUES (51, 51, 51, 51, 1, '2019-12-03 16:22:09', '2020-05-07 23:20:14');
INSERT INTO `orders` (`id`, `from_user`, `to_user`, `paid_by_user`, `route_id`, `created_at`, `updated_at`) VALUES (52, 52, 52, 52, 2, '2019-10-28 04:38:39', '2019-07-18 12:00:45');
INSERT INTO `orders` (`id`, `from_user`, `to_user`, `paid_by_user`, `route_id`, `created_at`, `updated_at`) VALUES (53, 53, 53, 53, 3, '2019-10-17 12:46:57', '2019-06-12 22:51:43');
INSERT INTO `orders` (`id`, `from_user`, `to_user`, `paid_by_user`, `route_id`, `created_at`, `updated_at`) VALUES (54, 54, 54, 54, 4, '2020-04-22 20:01:20', '2019-09-12 13:50:12');
INSERT INTO `orders` (`id`, `from_user`, `to_user`, `paid_by_user`, `route_id`, `created_at`, `updated_at`) VALUES (55, 55, 55, 55, 5, '2019-10-08 08:39:54', '2019-07-12 10:03:25');
INSERT INTO `orders` (`id`, `from_user`, `to_user`, `paid_by_user`, `route_id`, `created_at`, `updated_at`) VALUES (56, 56, 56, 56, 6, '2020-05-03 02:48:38', '2019-06-05 16:00:35');
INSERT INTO `orders` (`id`, `from_user`, `to_user`, `paid_by_user`, `route_id`, `created_at`, `updated_at`) VALUES (57, 57, 57, 57, 7, '2020-04-16 13:57:09', '2019-07-30 07:11:23');
INSERT INTO `orders` (`id`, `from_user`, `to_user`, `paid_by_user`, `route_id`, `created_at`, `updated_at`) VALUES (58, 58, 58, 58, 8, '2019-09-24 00:18:30', '2020-05-13 16:07:18');
INSERT INTO `orders` (`id`, `from_user`, `to_user`, `paid_by_user`, `route_id`, `created_at`, `updated_at`) VALUES (59, 59, 59, 59, 9, '2019-10-26 11:02:39', '2019-11-04 21:55:53');
INSERT INTO `orders` (`id`, `from_user`, `to_user`, `paid_by_user`, `route_id`, `created_at`, `updated_at`) VALUES (60, 60, 60, 60, 10, '2019-08-20 03:03:20', '2019-06-13 17:44:24');
INSERT INTO `orders` (`id`, `from_user`, `to_user`, `paid_by_user`, `route_id`, `created_at`, `updated_at`) VALUES (61, 61, 61, 61, 11, '2019-06-02 07:11:48', '2019-10-18 08:48:13');
INSERT INTO `orders` (`id`, `from_user`, `to_user`, `paid_by_user`, `route_id`, `created_at`, `updated_at`) VALUES (62, 62, 62, 62, 12, '2019-09-25 18:59:40', '2020-01-06 04:39:01');
INSERT INTO `orders` (`id`, `from_user`, `to_user`, `paid_by_user`, `route_id`, `created_at`, `updated_at`) VALUES (63, 63, 63, 63, 13, '2019-11-17 06:28:09', '2020-02-19 04:19:39');
INSERT INTO `orders` (`id`, `from_user`, `to_user`, `paid_by_user`, `route_id`, `created_at`, `updated_at`) VALUES (64, 64, 64, 64, 14, '2019-07-25 05:48:35', '2019-06-22 06:40:44');
INSERT INTO `orders` (`id`, `from_user`, `to_user`, `paid_by_user`, `route_id`, `created_at`, `updated_at`) VALUES (65, 65, 65, 65, 15, '2020-04-27 23:25:32', '2019-07-28 20:59:39');
INSERT INTO `orders` (`id`, `from_user`, `to_user`, `paid_by_user`, `route_id`, `created_at`, `updated_at`) VALUES (66, 66, 66, 66, 16, '2020-04-22 13:32:34', '2019-07-29 15:25:39');
INSERT INTO `orders` (`id`, `from_user`, `to_user`, `paid_by_user`, `route_id`, `created_at`, `updated_at`) VALUES (67, 67, 67, 67, 17, '2020-04-17 07:25:25', '2019-07-02 05:03:18');
INSERT INTO `orders` (`id`, `from_user`, `to_user`, `paid_by_user`, `route_id`, `created_at`, `updated_at`) VALUES (68, 68, 68, 68, 18, '2019-08-11 01:02:32', '2019-11-12 17:14:07');
INSERT INTO `orders` (`id`, `from_user`, `to_user`, `paid_by_user`, `route_id`, `created_at`, `updated_at`) VALUES (69, 69, 69, 69, 19, '2019-12-07 04:16:39', '2019-07-21 17:26:56');
INSERT INTO `orders` (`id`, `from_user`, `to_user`, `paid_by_user`, `route_id`, `created_at`, `updated_at`) VALUES (70, 70, 70, 70, 20, '2019-10-03 13:40:37', '2019-08-31 12:02:58');
INSERT INTO `orders` (`id`, `from_user`, `to_user`, `paid_by_user`, `route_id`, `created_at`, `updated_at`) VALUES (71, 71, 71, 71, 21, '2019-08-22 22:32:04', '2019-11-17 05:13:14');
INSERT INTO `orders` (`id`, `from_user`, `to_user`, `paid_by_user`, `route_id`, `created_at`, `updated_at`) VALUES (72, 72, 72, 72, 22, '2019-06-13 00:38:35', '2019-09-19 06:21:44');
INSERT INTO `orders` (`id`, `from_user`, `to_user`, `paid_by_user`, `route_id`, `created_at`, `updated_at`) VALUES (73, 73, 73, 73, 23, '2020-02-02 05:06:21', '2019-09-04 09:08:10');
INSERT INTO `orders` (`id`, `from_user`, `to_user`, `paid_by_user`, `route_id`, `created_at`, `updated_at`) VALUES (74, 74, 74, 74, 24, '2019-07-26 12:54:54', '2020-02-28 23:49:32');
INSERT INTO `orders` (`id`, `from_user`, `to_user`, `paid_by_user`, `route_id`, `created_at`, `updated_at`) VALUES (75, 75, 75, 75, 25, '2019-10-13 10:53:14', '2019-07-30 16:28:22');
INSERT INTO `orders` (`id`, `from_user`, `to_user`, `paid_by_user`, `route_id`, `created_at`, `updated_at`) VALUES (76, 76, 76, 76, 26, '2019-06-27 02:06:38', '2019-12-22 12:32:52');
INSERT INTO `orders` (`id`, `from_user`, `to_user`, `paid_by_user`, `route_id`, `created_at`, `updated_at`) VALUES (77, 77, 77, 77, 27, '2019-09-09 03:23:22', '2020-02-11 21:21:58');
INSERT INTO `orders` (`id`, `from_user`, `to_user`, `paid_by_user`, `route_id`, `created_at`, `updated_at`) VALUES (78, 78, 78, 78, 28, '2019-06-12 08:54:02', '2019-07-15 06:32:43');
INSERT INTO `orders` (`id`, `from_user`, `to_user`, `paid_by_user`, `route_id`, `created_at`, `updated_at`) VALUES (79, 79, 79, 79, 29, '2019-09-09 18:15:32', '2019-08-19 22:59:18');
INSERT INTO `orders` (`id`, `from_user`, `to_user`, `paid_by_user`, `route_id`, `created_at`, `updated_at`) VALUES (80, 80, 80, 80, 30, '2019-11-30 05:36:33', '2019-10-07 05:12:12');
INSERT INTO `orders` (`id`, `from_user`, `to_user`, `paid_by_user`, `route_id`, `created_at`, `updated_at`) VALUES (81, 81, 81, 81, 31, '2020-03-10 22:06:06', '2020-05-24 04:01:18');
INSERT INTO `orders` (`id`, `from_user`, `to_user`, `paid_by_user`, `route_id`, `created_at`, `updated_at`) VALUES (82, 82, 82, 82, 32, '2019-08-05 18:48:40', '2019-06-05 21:05:51');
INSERT INTO `orders` (`id`, `from_user`, `to_user`, `paid_by_user`, `route_id`, `created_at`, `updated_at`) VALUES (83, 83, 83, 83, 33, '2019-10-12 00:51:12', '2019-08-22 18:29:29');
INSERT INTO `orders` (`id`, `from_user`, `to_user`, `paid_by_user`, `route_id`, `created_at`, `updated_at`) VALUES (84, 84, 84, 84, 34, '2019-06-06 10:57:00', '2019-06-10 20:47:02');
INSERT INTO `orders` (`id`, `from_user`, `to_user`, `paid_by_user`, `route_id`, `created_at`, `updated_at`) VALUES (85, 85, 85, 85, 35, '2019-11-07 15:55:55', '2019-11-05 04:37:46');
INSERT INTO `orders` (`id`, `from_user`, `to_user`, `paid_by_user`, `route_id`, `created_at`, `updated_at`) VALUES (86, 86, 86, 86, 36, '2019-06-05 15:36:59', '2019-12-24 09:05:41');
INSERT INTO `orders` (`id`, `from_user`, `to_user`, `paid_by_user`, `route_id`, `created_at`, `updated_at`) VALUES (87, 87, 87, 87, 37, '2019-12-31 13:27:19', '2019-10-31 22:25:34');
INSERT INTO `orders` (`id`, `from_user`, `to_user`, `paid_by_user`, `route_id`, `created_at`, `updated_at`) VALUES (88, 88, 88, 88, 38, '2020-04-25 11:20:20', '2019-12-08 21:57:39');
INSERT INTO `orders` (`id`, `from_user`, `to_user`, `paid_by_user`, `route_id`, `created_at`, `updated_at`) VALUES (89, 89, 89, 89, 39, '2019-12-18 22:19:22', '2020-05-18 00:53:06');
INSERT INTO `orders` (`id`, `from_user`, `to_user`, `paid_by_user`, `route_id`, `created_at`, `updated_at`) VALUES (90, 90, 90, 90, 40, '2020-01-10 10:19:56', '2020-01-28 22:21:00');
INSERT INTO `orders` (`id`, `from_user`, `to_user`, `paid_by_user`, `route_id`, `created_at`, `updated_at`) VALUES (91, 91, 91, 91, 41, '2020-05-01 04:13:44', '2020-04-23 15:26:09');
INSERT INTO `orders` (`id`, `from_user`, `to_user`, `paid_by_user`, `route_id`, `created_at`, `updated_at`) VALUES (92, 92, 92, 92, 42, '2020-04-23 14:03:22', '2019-08-28 07:52:58');
INSERT INTO `orders` (`id`, `from_user`, `to_user`, `paid_by_user`, `route_id`, `created_at`, `updated_at`) VALUES (93, 93, 93, 93, 43, '2019-07-09 01:49:42', '2019-09-20 02:35:12');
INSERT INTO `orders` (`id`, `from_user`, `to_user`, `paid_by_user`, `route_id`, `created_at`, `updated_at`) VALUES (94, 94, 94, 94, 44, '2019-09-23 02:07:26', '2019-09-11 20:08:07');
INSERT INTO `orders` (`id`, `from_user`, `to_user`, `paid_by_user`, `route_id`, `created_at`, `updated_at`) VALUES (95, 95, 95, 95, 45, '2020-01-19 17:25:41', '2019-06-23 15:33:43');
INSERT INTO `orders` (`id`, `from_user`, `to_user`, `paid_by_user`, `route_id`, `created_at`, `updated_at`) VALUES (96, 96, 96, 96, 46, '2020-05-14 23:43:40', '2019-06-17 03:53:24');
INSERT INTO `orders` (`id`, `from_user`, `to_user`, `paid_by_user`, `route_id`, `created_at`, `updated_at`) VALUES (97, 97, 97, 97, 47, '2019-08-31 23:44:11', '2019-12-31 04:07:25');
INSERT INTO `orders` (`id`, `from_user`, `to_user`, `paid_by_user`, `route_id`, `created_at`, `updated_at`) VALUES (98, 98, 98, 98, 48, '2020-05-26 12:44:42', '2020-02-19 00:32:12');
INSERT INTO `orders` (`id`, `from_user`, `to_user`, `paid_by_user`, `route_id`, `created_at`, `updated_at`) VALUES (99, 99, 99, 99, 49, '2020-05-30 15:05:00', '2020-04-29 18:57:45');
INSERT INTO `orders` (`id`, `from_user`, `to_user`, `paid_by_user`, `route_id`, `created_at`, `updated_at`) VALUES (100, 100, 100, 100, 50, '2020-03-01 16:45:08', '2020-01-21 16:00:38');

INSERT INTO `add_packaging` (`id`, `name`, `description`, `base_price`) VALUES (1, 'стандартная', 'Картонная коробка под стандартные размеры.', '5.32');
INSERT INTO `add_packaging` (`id`, `name`, `description`, `base_price`) VALUES (2, 'софт', 'Пузырьковая пленка для небольших хрупких грузов.', '15.43');
INSERT INTO `add_packaging` (`id`, `name`, `description`, `base_price`) VALUES (3, 'жесткая', 'Каркасная конструкция для фиксирования больших грузов', '150.51');
INSERT INTO `add_packaging` (`id`, `name`, `description`, `base_price`) VALUES (4, 'термальная', 'Для грузов с температурным режимом перевозки', '143.39');

INSERT INTO `cargo` (`id`, `name`, `items`, `add_pack_id`, `order_id`, `status_id`, `taken_at`, `shipped_at`, `delivered_at`) VALUES (1, 'Nobis ut sit aliquam ducimus consequatur quia.', 9, 1, 1, 1, '2019-10-30 19:21:59', '2019-07-17 11:41:02', '2019-07-03 00:22:53');
INSERT INTO `cargo` (`id`, `name`, `items`, `add_pack_id`, `order_id`, `status_id`, `taken_at`, `shipped_at`, `delivered_at`) VALUES (2, 'Exercitationem dolorem omnis veritatis dignissimos', 6, 2, 2, 2, '2019-08-17 01:55:46', '2019-10-23 19:06:06', '2020-03-18 20:43:46');
INSERT INTO `cargo` (`id`, `name`, `items`, `add_pack_id`, `order_id`, `status_id`, `taken_at`, `shipped_at`, `delivered_at`) VALUES (3, 'Laborum reprehenderit distinctio natus eveniet.', 1, 3, 3, 3, '2019-06-02 19:42:03', '2019-12-30 10:55:14', '2019-11-20 07:01:29');
INSERT INTO `cargo` (`id`, `name`, `items`, `add_pack_id`, `order_id`, `status_id`, `taken_at`, `shipped_at`, `delivered_at`) VALUES (4, 'Repudiandae deserunt dicta dolor et laborum volupt', 2, 4, 4, 4, '2019-09-29 16:43:46', '2020-03-19 11:07:26', '2019-06-28 10:57:12');
INSERT INTO `cargo` (`id`, `name`, `items`, `add_pack_id`, `order_id`, `status_id`, `taken_at`, `shipped_at`, `delivered_at`) VALUES (5, 'Cumque nulla minima ut ut dolor architecto minus.', 3, 1, 5, 5, '2020-01-30 09:05:12', '2019-07-28 22:50:34', '2019-10-14 10:07:37');
INSERT INTO `cargo` (`id`, `name`, `items`, `add_pack_id`, `order_id`, `status_id`, `taken_at`, `shipped_at`, `delivered_at`) VALUES (6, 'Ullam mollitia dicta voluptas autem.', 7, 2, 6, 1, '2020-03-07 22:24:45', '2019-08-31 16:08:18', '2020-03-02 10:03:31');
INSERT INTO `cargo` (`id`, `name`, `items`, `add_pack_id`, `order_id`, `status_id`, `taken_at`, `shipped_at`, `delivered_at`) VALUES (7, 'Sunt inventore voluptate omnis odit reiciendis pla', 5, 3, 7, 2, '2019-07-13 04:15:31', '2019-06-16 15:41:16', '2019-07-07 03:06:32');
INSERT INTO `cargo` (`id`, `name`, `items`, `add_pack_id`, `order_id`, `status_id`, `taken_at`, `shipped_at`, `delivered_at`) VALUES (8, 'Possimus porro possimus aut quia ullam.', 8, 4, 8, 3, '2020-02-23 03:23:55', '2019-07-01 09:15:24', '2020-01-18 20:56:26');
INSERT INTO `cargo` (`id`, `name`, `items`, `add_pack_id`, `order_id`, `status_id`, `taken_at`, `shipped_at`, `delivered_at`) VALUES (9, 'Est iure quisquam eius.', 1, 1, 9, 4, '2019-06-10 23:48:11', '2020-01-12 18:48:58', '2020-01-29 08:52:57');
INSERT INTO `cargo` (`id`, `name`, `items`, `add_pack_id`, `order_id`, `status_id`, `taken_at`, `shipped_at`, `delivered_at`) VALUES (10, 'Sint sint porro et blanditiis.', 9, 2, 10, 5, '2020-03-30 15:06:27', '2019-09-30 18:12:49', '2020-01-01 22:14:26');
INSERT INTO `cargo` (`id`, `name`, `items`, `add_pack_id`, `order_id`, `status_id`, `taken_at`, `shipped_at`, `delivered_at`) VALUES (11, 'Quia quas rerum explicabo aut consequatur quam in.', 4, 3, 11, 1, '2020-03-08 04:03:34', '2019-06-20 02:46:31', '2019-12-27 19:58:05');
INSERT INTO `cargo` (`id`, `name`, `items`, `add_pack_id`, `order_id`, `status_id`, `taken_at`, `shipped_at`, `delivered_at`) VALUES (12, 'Est ea harum ab minus placeat voluptate.', 2, 4, 12, 2, '2020-02-22 08:46:00', '2020-02-15 03:54:38', '2020-04-14 18:33:06');
INSERT INTO `cargo` (`id`, `name`, `items`, `add_pack_id`, `order_id`, `status_id`, `taken_at`, `shipped_at`, `delivered_at`) VALUES (13, 'Cumque qui consequuntur est aut qui.', 3, 1, 13, 3, '2019-06-11 01:26:20', '2020-04-10 05:38:38', '2019-10-16 22:13:23');
INSERT INTO `cargo` (`id`, `name`, `items`, `add_pack_id`, `order_id`, `status_id`, `taken_at`, `shipped_at`, `delivered_at`) VALUES (14, 'Rerum ab placeat sit recusandae fugiat dolorum sap', 2, 2, 14, 4, '2019-11-04 05:26:55', '2019-12-16 10:43:08', '2019-12-05 13:26:28');
INSERT INTO `cargo` (`id`, `name`, `items`, `add_pack_id`, `order_id`, `status_id`, `taken_at`, `shipped_at`, `delivered_at`) VALUES (15, 'Sapiente totam eius fuga magni.', 2, 3, 15, 5, '2019-08-13 13:11:32', '2019-12-06 09:15:42', '2020-04-13 04:59:39');
INSERT INTO `cargo` (`id`, `name`, `items`, `add_pack_id`, `order_id`, `status_id`, `taken_at`, `shipped_at`, `delivered_at`) VALUES (16, 'Quidem accusantium temporibus autem voluptatem pla', 3, 4, 16, 1, '2019-08-29 09:15:26', '2019-12-26 20:55:17', '2019-10-11 17:51:39');
INSERT INTO `cargo` (`id`, `name`, `items`, `add_pack_id`, `order_id`, `status_id`, `taken_at`, `shipped_at`, `delivered_at`) VALUES (17, 'Repellat voluptatem atque mollitia quas inventore.', 4, 1, 17, 2, '2020-01-10 06:38:14', '2019-09-24 17:32:53', '2020-01-28 05:32:25');
INSERT INTO `cargo` (`id`, `name`, `items`, `add_pack_id`, `order_id`, `status_id`, `taken_at`, `shipped_at`, `delivered_at`) VALUES (18, 'Occaecati molestiae necessitatibus doloribus quo a', 9, 2, 18, 3, '2019-08-07 03:32:22', '2020-02-15 14:12:02', '2019-07-03 09:20:43');
INSERT INTO `cargo` (`id`, `name`, `items`, `add_pack_id`, `order_id`, `status_id`, `taken_at`, `shipped_at`, `delivered_at`) VALUES (19, 'Corrupti porro libero aut natus sint incidunt.', 1, 3, 19, 4, '2019-12-20 03:28:39', '2019-07-02 13:16:23', '2019-12-25 14:42:02');
INSERT INTO `cargo` (`id`, `name`, `items`, `add_pack_id`, `order_id`, `status_id`, `taken_at`, `shipped_at`, `delivered_at`) VALUES (20, 'Eum quas qui explicabo natus enim et.', 3, 4, 20, 5, '2019-10-23 16:28:20', '2019-10-08 16:40:40', '2020-03-12 07:58:30');
INSERT INTO `cargo` (`id`, `name`, `items`, `add_pack_id`, `order_id`, `status_id`, `taken_at`, `shipped_at`, `delivered_at`) VALUES (21, 'Ut expedita ex voluptatem eos odio.', 3, 1, 21, 1, '2019-06-05 18:25:15', '2019-07-15 23:30:09', '2020-05-07 20:55:12');
INSERT INTO `cargo` (`id`, `name`, `items`, `add_pack_id`, `order_id`, `status_id`, `taken_at`, `shipped_at`, `delivered_at`) VALUES (22, 'Nesciunt ex dolores qui aut molestias cupiditate c', 9, 2, 22, 2, '2019-10-26 19:01:36', '2019-07-20 07:02:38', '2019-06-27 03:42:46');
INSERT INTO `cargo` (`id`, `name`, `items`, `add_pack_id`, `order_id`, `status_id`, `taken_at`, `shipped_at`, `delivered_at`) VALUES (23, 'Quas eligendi doloremque consequatur et.', 6, 3, 23, 3, '2019-06-12 05:30:10', '2020-05-23 21:13:38', '2019-08-15 09:32:50');
INSERT INTO `cargo` (`id`, `name`, `items`, `add_pack_id`, `order_id`, `status_id`, `taken_at`, `shipped_at`, `delivered_at`) VALUES (24, 'Sint natus eius voluptate est quis ipsam doloremqu', 4, 4, 24, 4, '2019-12-10 23:01:11', '2020-04-24 17:41:11', '2019-10-25 19:22:52');
INSERT INTO `cargo` (`id`, `name`, `items`, `add_pack_id`, `order_id`, `status_id`, `taken_at`, `shipped_at`, `delivered_at`) VALUES (25, 'Quas in aut ex.', 5, 1, 25, 5, '2019-11-21 04:34:55', '2019-08-07 09:00:09', '2019-07-29 19:05:57');
INSERT INTO `cargo` (`id`, `name`, `items`, `add_pack_id`, `order_id`, `status_id`, `taken_at`, `shipped_at`, `delivered_at`) VALUES (26, 'Nam nisi incidunt quisquam tempora dolorem non.', 4, 2, 26, 1, '2020-04-10 06:32:51', '2019-08-03 13:08:35', '2019-10-21 14:25:40');
INSERT INTO `cargo` (`id`, `name`, `items`, `add_pack_id`, `order_id`, `status_id`, `taken_at`, `shipped_at`, `delivered_at`) VALUES (27, 'Quis perferendis libero voluptatem qui mollitia vo', 4, 3, 27, 2, '2020-01-18 13:27:50', '2020-02-19 23:52:46', '2020-03-02 10:31:46');
INSERT INTO `cargo` (`id`, `name`, `items`, `add_pack_id`, `order_id`, `status_id`, `taken_at`, `shipped_at`, `delivered_at`) VALUES (28, 'Eligendi quis in et possimus iste.', 4, 4, 28, 3, '2019-12-29 05:10:38', '2020-03-05 02:44:44', '2020-03-28 03:01:28');
INSERT INTO `cargo` (`id`, `name`, `items`, `add_pack_id`, `order_id`, `status_id`, `taken_at`, `shipped_at`, `delivered_at`) VALUES (29, 'Deserunt itaque ea sit.', 7, 1, 29, 4, '2019-09-05 04:49:20', '2019-06-11 03:33:18', '2019-06-01 12:04:15');
INSERT INTO `cargo` (`id`, `name`, `items`, `add_pack_id`, `order_id`, `status_id`, `taken_at`, `shipped_at`, `delivered_at`) VALUES (30, 'Aspernatur deleniti dolore pariatur nisi facere od', 8, 2, 30, 5, '2019-12-04 16:44:55', '2020-03-16 18:34:50', '2019-12-27 10:11:39');
INSERT INTO `cargo` (`id`, `name`, `items`, `add_pack_id`, `order_id`, `status_id`, `taken_at`, `shipped_at`, `delivered_at`) VALUES (31, 'Debitis et ab quia distinctio vitae possimus est.', 7, 3, 31, 1, '2020-02-01 23:29:19', '2019-11-03 22:39:14', '2019-08-24 10:57:02');
INSERT INTO `cargo` (`id`, `name`, `items`, `add_pack_id`, `order_id`, `status_id`, `taken_at`, `shipped_at`, `delivered_at`) VALUES (32, 'Ad tenetur et enim porro numquam qui quis.', 8, 4, 32, 2, '2020-05-13 22:06:48', '2020-01-25 16:47:39', '2019-08-17 05:49:48');
INSERT INTO `cargo` (`id`, `name`, `items`, `add_pack_id`, `order_id`, `status_id`, `taken_at`, `shipped_at`, `delivered_at`) VALUES (33, 'Ut sequi ducimus illum qui facere autem aliquam.', 6, 1, 33, 3, '2019-06-15 22:24:26', '2019-11-23 04:51:14', '2019-06-11 16:58:56');
INSERT INTO `cargo` (`id`, `name`, `items`, `add_pack_id`, `order_id`, `status_id`, `taken_at`, `shipped_at`, `delivered_at`) VALUES (34, 'Commodi molestias recusandae vero adipisci dolorem', 3, 2, 34, 4, '2019-10-10 03:48:05', '2019-06-23 00:51:32', '2019-10-22 16:07:57');
INSERT INTO `cargo` (`id`, `name`, `items`, `add_pack_id`, `order_id`, `status_id`, `taken_at`, `shipped_at`, `delivered_at`) VALUES (35, 'Ut dolorem asperiores deserunt cum quo et deleniti', 5, 3, 35, 5, '2019-10-14 15:55:49', '2019-08-08 20:32:32', '2019-09-22 13:19:47');
INSERT INTO `cargo` (`id`, `name`, `items`, `add_pack_id`, `order_id`, `status_id`, `taken_at`, `shipped_at`, `delivered_at`) VALUES (36, 'Inventore porro enim voluptas nulla omnis sint rec', 1, 4, 36, 1, '2019-09-09 16:44:14', '2019-06-27 20:28:17', '2020-01-10 10:26:00');
INSERT INTO `cargo` (`id`, `name`, `items`, `add_pack_id`, `order_id`, `status_id`, `taken_at`, `shipped_at`, `delivered_at`) VALUES (37, 'Et eos id tenetur praesentium.', 1, 1, 37, 2, '2020-05-23 23:52:43', '2019-09-30 23:04:59', '2020-01-23 16:34:38');
INSERT INTO `cargo` (`id`, `name`, `items`, `add_pack_id`, `order_id`, `status_id`, `taken_at`, `shipped_at`, `delivered_at`) VALUES (38, 'Enim molestiae officia tempora saepe.', 1, 2, 38, 3, '2019-12-14 04:59:52', '2019-11-10 13:53:37', '2019-08-07 16:26:42');
INSERT INTO `cargo` (`id`, `name`, `items`, `add_pack_id`, `order_id`, `status_id`, `taken_at`, `shipped_at`, `delivered_at`) VALUES (39, 'Sequi provident rerum modi soluta saepe.', 3, 3, 39, 4, '2019-07-25 23:37:36', '2020-02-29 09:21:07', '2020-01-26 22:19:38');
INSERT INTO `cargo` (`id`, `name`, `items`, `add_pack_id`, `order_id`, `status_id`, `taken_at`, `shipped_at`, `delivered_at`) VALUES (40, 'Reiciendis hic vero est deleniti quia nostrum.', 1, 4, 40, 5, '2019-12-18 16:57:54', '2019-06-14 06:11:10', '2019-11-05 23:30:39');
INSERT INTO `cargo` (`id`, `name`, `items`, `add_pack_id`, `order_id`, `status_id`, `taken_at`, `shipped_at`, `delivered_at`) VALUES (41, 'Id est soluta earum.', 8, 1, 41, 1, '2019-10-07 04:07:19', '2020-05-29 00:11:53', '2019-12-10 08:30:51');
INSERT INTO `cargo` (`id`, `name`, `items`, `add_pack_id`, `order_id`, `status_id`, `taken_at`, `shipped_at`, `delivered_at`) VALUES (42, 'Unde qui architecto quaerat et aut esse sint.', 4, 2, 42, 2, '2019-11-20 01:51:16', '2020-01-01 16:22:48', '2019-10-28 01:10:27');
INSERT INTO `cargo` (`id`, `name`, `items`, `add_pack_id`, `order_id`, `status_id`, `taken_at`, `shipped_at`, `delivered_at`) VALUES (43, 'Adipisci sint praesentium adipisci molestias amet ', 6, 3, 43, 3, '2019-08-20 08:57:28', '2019-09-03 08:24:21', '2019-10-14 02:36:33');
INSERT INTO `cargo` (`id`, `name`, `items`, `add_pack_id`, `order_id`, `status_id`, `taken_at`, `shipped_at`, `delivered_at`) VALUES (44, 'Dolore consequatur rerum et ad omnis dolorem bland', 9, 4, 44, 4, '2020-05-30 13:31:14', '2019-11-17 08:59:59', '2020-03-30 03:56:10');
INSERT INTO `cargo` (`id`, `name`, `items`, `add_pack_id`, `order_id`, `status_id`, `taken_at`, `shipped_at`, `delivered_at`) VALUES (45, 'Ullam alias ut dolor id.', 2, 1, 45, 5, '2019-11-26 20:02:32', '2020-03-06 07:20:31', '2020-04-29 23:09:00');
INSERT INTO `cargo` (`id`, `name`, `items`, `add_pack_id`, `order_id`, `status_id`, `taken_at`, `shipped_at`, `delivered_at`) VALUES (46, 'Perspiciatis non accusantium placeat exercitatione', 1, 2, 46, 1, '2019-11-10 01:05:38', '2019-10-22 04:51:15', '2019-09-12 21:10:19');
INSERT INTO `cargo` (`id`, `name`, `items`, `add_pack_id`, `order_id`, `status_id`, `taken_at`, `shipped_at`, `delivered_at`) VALUES (47, 'Cupiditate quisquam consequuntur veniam ut unde.', 7, 3, 47, 2, '2020-01-21 15:52:13', '2020-02-03 20:50:54', '2019-08-10 08:44:58');
INSERT INTO `cargo` (`id`, `name`, `items`, `add_pack_id`, `order_id`, `status_id`, `taken_at`, `shipped_at`, `delivered_at`) VALUES (48, 'Quasi aut impedit quaerat iure possimus odio.', 9, 4, 48, 3, '2019-06-08 01:26:28', '2020-01-22 01:44:44', '2020-02-09 19:51:29');
INSERT INTO `cargo` (`id`, `name`, `items`, `add_pack_id`, `order_id`, `status_id`, `taken_at`, `shipped_at`, `delivered_at`) VALUES (49, 'Ea libero dolores voluptatem eligendi laudantium p', 3, 1, 49, 4, '2020-04-17 05:22:48', '2019-10-31 12:30:47', '2019-11-19 22:17:36');
INSERT INTO `cargo` (`id`, `name`, `items`, `add_pack_id`, `order_id`, `status_id`, `taken_at`, `shipped_at`, `delivered_at`) VALUES (50, 'Illo optio et et natus qui sit aut.', 3, 2, 50, 5, '2019-07-21 16:32:40', '2020-01-22 13:57:36', '2019-09-01 22:12:58');
INSERT INTO `cargo` (`id`, `name`, `items`, `add_pack_id`, `order_id`, `status_id`, `taken_at`, `shipped_at`, `delivered_at`) VALUES (51, 'Laboriosam in rerum dolor velit consectetur aperia', 8, 3, 51, 1, '2019-09-06 05:31:24', '2019-06-11 14:01:47', '2020-03-08 16:48:33');
INSERT INTO `cargo` (`id`, `name`, `items`, `add_pack_id`, `order_id`, `status_id`, `taken_at`, `shipped_at`, `delivered_at`) VALUES (52, 'Nisi blanditiis ipsa ut vero dolore totam.', 6, 4, 52, 2, '2019-09-13 11:09:57', '2020-03-28 23:58:42', '2019-10-22 11:43:25');
INSERT INTO `cargo` (`id`, `name`, `items`, `add_pack_id`, `order_id`, `status_id`, `taken_at`, `shipped_at`, `delivered_at`) VALUES (53, 'Temporibus reprehenderit quidem facilis autem cons', 7, 1, 53, 3, '2020-01-01 07:29:50', '2019-09-09 13:16:31', '2019-11-15 05:48:39');
INSERT INTO `cargo` (`id`, `name`, `items`, `add_pack_id`, `order_id`, `status_id`, `taken_at`, `shipped_at`, `delivered_at`) VALUES (54, 'Temporibus repellendus natus saepe omnis et.', 4, 2, 54, 4, '2019-06-22 12:31:00', '2019-10-10 23:44:41', '2019-09-21 23:37:03');
INSERT INTO `cargo` (`id`, `name`, `items`, `add_pack_id`, `order_id`, `status_id`, `taken_at`, `shipped_at`, `delivered_at`) VALUES (55, 'Quo officiis ad mollitia accusantium rem.', 8, 3, 55, 5, '2020-05-02 00:07:46', '2019-09-18 20:44:30', '2019-06-10 01:42:06');
INSERT INTO `cargo` (`id`, `name`, `items`, `add_pack_id`, `order_id`, `status_id`, `taken_at`, `shipped_at`, `delivered_at`) VALUES (56, 'Aut tempora quasi voluptatem omnis placeat totam.', 2, 4, 56, 1, '2019-12-15 12:40:04', '2020-01-01 00:40:45', '2019-12-15 10:24:47');
INSERT INTO `cargo` (`id`, `name`, `items`, `add_pack_id`, `order_id`, `status_id`, `taken_at`, `shipped_at`, `delivered_at`) VALUES (57, 'Dolore reprehenderit sapiente voluptatem aspernatu', 6, 1, 57, 2, '2019-06-27 03:23:32', '2020-03-06 14:36:25', '2019-08-06 15:33:00');
INSERT INTO `cargo` (`id`, `name`, `items`, `add_pack_id`, `order_id`, `status_id`, `taken_at`, `shipped_at`, `delivered_at`) VALUES (58, 'Neque voluptas perspiciatis dolorum magni.', 3, 2, 58, 3, '2020-03-28 12:51:34', '2019-12-24 11:16:06', '2019-08-01 03:25:17');
INSERT INTO `cargo` (`id`, `name`, `items`, `add_pack_id`, `order_id`, `status_id`, `taken_at`, `shipped_at`, `delivered_at`) VALUES (59, 'Earum sit nihil qui.', 9, 3, 59, 4, '2020-02-06 01:33:02', '2020-03-29 08:45:41', '2019-11-23 00:09:08');
INSERT INTO `cargo` (`id`, `name`, `items`, `add_pack_id`, `order_id`, `status_id`, `taken_at`, `shipped_at`, `delivered_at`) VALUES (60, 'Perspiciatis non ea aut.', 2, 4, 60, 5, '2019-09-24 10:12:00', '2020-03-21 06:58:15', '2019-11-07 02:22:27');
INSERT INTO `cargo` (`id`, `name`, `items`, `add_pack_id`, `order_id`, `status_id`, `taken_at`, `shipped_at`, `delivered_at`) VALUES (61, 'Et non eum consectetur recusandae fuga.', 4, 1, 61, 1, '2020-05-31 06:22:17', '2019-06-10 00:26:47', '2019-07-14 23:53:40');
INSERT INTO `cargo` (`id`, `name`, `items`, `add_pack_id`, `order_id`, `status_id`, `taken_at`, `shipped_at`, `delivered_at`) VALUES (62, 'Ex harum cumque voluptas.', 4, 2, 62, 2, '2020-03-17 02:11:49', '2020-03-01 17:43:38', '2019-08-18 06:44:47');
INSERT INTO `cargo` (`id`, `name`, `items`, `add_pack_id`, `order_id`, `status_id`, `taken_at`, `shipped_at`, `delivered_at`) VALUES (63, 'Adipisci ipsum vel eum.', 2, 3, 63, 3, '2019-11-28 07:55:59', '2019-09-19 02:03:33', '2019-06-13 08:28:37');
INSERT INTO `cargo` (`id`, `name`, `items`, `add_pack_id`, `order_id`, `status_id`, `taken_at`, `shipped_at`, `delivered_at`) VALUES (64, 'Rerum inventore unde voluptates laboriosam debitis', 9, 4, 64, 4, '2020-01-17 07:31:16', '2020-02-04 14:53:19', '2020-02-07 18:39:05');
INSERT INTO `cargo` (`id`, `name`, `items`, `add_pack_id`, `order_id`, `status_id`, `taken_at`, `shipped_at`, `delivered_at`) VALUES (65, 'Tempore et et animi eveniet qui aut quisquam.', 8, 1, 65, 5, '2020-01-23 09:56:06', '2019-11-15 06:20:05', '2019-12-31 13:01:43');
INSERT INTO `cargo` (`id`, `name`, `items`, `add_pack_id`, `order_id`, `status_id`, `taken_at`, `shipped_at`, `delivered_at`) VALUES (66, 'Voluptatum et voluptas sit optio.', 2, 2, 66, 1, '2019-12-15 05:05:43', '2019-06-06 05:25:37', '2019-09-28 03:42:50');
INSERT INTO `cargo` (`id`, `name`, `items`, `add_pack_id`, `order_id`, `status_id`, `taken_at`, `shipped_at`, `delivered_at`) VALUES (67, 'Laboriosam consequuntur commodi nihil non eos.', 1, 3, 67, 2, '2020-04-14 23:21:09', '2019-07-18 04:25:12', '2019-07-22 17:29:10');
INSERT INTO `cargo` (`id`, `name`, `items`, `add_pack_id`, `order_id`, `status_id`, `taken_at`, `shipped_at`, `delivered_at`) VALUES (68, 'Optio tempora illum dolor dicta qui quasi.', 6, 4, 68, 3, '2020-05-06 17:55:30', '2019-09-20 21:56:42', '2020-02-08 02:18:01');
INSERT INTO `cargo` (`id`, `name`, `items`, `add_pack_id`, `order_id`, `status_id`, `taken_at`, `shipped_at`, `delivered_at`) VALUES (69, 'Soluta ea molestias sed placeat eos.', 5, 1, 69, 4, '2020-01-25 00:34:33', '2019-12-07 02:48:09', '2019-08-31 14:26:59');
INSERT INTO `cargo` (`id`, `name`, `items`, `add_pack_id`, `order_id`, `status_id`, `taken_at`, `shipped_at`, `delivered_at`) VALUES (70, 'Ut velit sapiente minima repudiandae eveniet illo ', 6, 2, 70, 5, '2020-02-12 23:51:07', '2019-08-04 14:59:50', '2019-12-24 08:30:56');
INSERT INTO `cargo` (`id`, `name`, `items`, `add_pack_id`, `order_id`, `status_id`, `taken_at`, `shipped_at`, `delivered_at`) VALUES (71, 'Quis dolore suscipit beatae debitis non quia ipsa.', 2, 3, 71, 1, '2019-07-06 18:41:22', '2019-10-21 19:44:45', '2020-04-19 16:03:30');
INSERT INTO `cargo` (`id`, `name`, `items`, `add_pack_id`, `order_id`, `status_id`, `taken_at`, `shipped_at`, `delivered_at`) VALUES (72, 'Quas ullam deleniti aliquam commodi sint accusamus', 2, 4, 72, 2, '2019-07-13 07:10:36', '2019-07-15 19:28:13', '2019-08-20 20:47:07');
INSERT INTO `cargo` (`id`, `name`, `items`, `add_pack_id`, `order_id`, `status_id`, `taken_at`, `shipped_at`, `delivered_at`) VALUES (73, 'Commodi amet omnis rerum et corrupti dicta labore ', 8, 1, 73, 3, '2020-01-28 11:35:59', '2020-01-16 13:10:10', '2020-03-11 09:24:43');
INSERT INTO `cargo` (`id`, `name`, `items`, `add_pack_id`, `order_id`, `status_id`, `taken_at`, `shipped_at`, `delivered_at`) VALUES (74, 'Ipsum qui occaecati iusto et illum.', 5, 2, 74, 4, '2020-04-28 08:42:34', '2019-11-30 03:55:57', '2020-01-27 00:01:00');
INSERT INTO `cargo` (`id`, `name`, `items`, `add_pack_id`, `order_id`, `status_id`, `taken_at`, `shipped_at`, `delivered_at`) VALUES (75, 'Minus quod adipisci autem quibusdam.', 4, 3, 75, 5, '2020-03-14 18:44:51', '2019-10-19 18:55:04', '2020-03-19 18:25:13');
INSERT INTO `cargo` (`id`, `name`, `items`, `add_pack_id`, `order_id`, `status_id`, `taken_at`, `shipped_at`, `delivered_at`) VALUES (76, 'Adipisci quia qui earum.', 7, 4, 76, 1, '2020-04-12 02:06:29', '2019-12-23 01:47:58', '2020-03-12 09:14:27');
INSERT INTO `cargo` (`id`, `name`, `items`, `add_pack_id`, `order_id`, `status_id`, `taken_at`, `shipped_at`, `delivered_at`) VALUES (77, 'Consequuntur dolorem non qui aspernatur qui non ip', 6, 1, 77, 2, '2019-12-11 14:31:54', '2019-07-03 11:42:16', '2020-03-30 20:35:21');
INSERT INTO `cargo` (`id`, `name`, `items`, `add_pack_id`, `order_id`, `status_id`, `taken_at`, `shipped_at`, `delivered_at`) VALUES (78, 'Explicabo sint quam et iste amet unde veniam nulla', 5, 2, 78, 3, '2020-03-15 08:01:01', '2019-06-01 16:39:30', '2019-11-29 06:31:19');
INSERT INTO `cargo` (`id`, `name`, `items`, `add_pack_id`, `order_id`, `status_id`, `taken_at`, `shipped_at`, `delivered_at`) VALUES (79, 'Porro sed repudiandae consequatur et.', 2, 3, 79, 4, '2020-02-03 03:24:35', '2020-05-17 06:46:00', '2019-12-05 05:09:32');
INSERT INTO `cargo` (`id`, `name`, `items`, `add_pack_id`, `order_id`, `status_id`, `taken_at`, `shipped_at`, `delivered_at`) VALUES (80, 'Et ut velit nostrum accusamus et.', 8, 4, 80, 5, '2020-02-17 13:06:08', '2020-01-29 06:57:48', '2019-10-01 06:58:58');
INSERT INTO `cargo` (`id`, `name`, `items`, `add_pack_id`, `order_id`, `status_id`, `taken_at`, `shipped_at`, `delivered_at`) VALUES (81, 'Est voluptate minus porro quis enim.', 7, 1, 81, 1, '2019-07-11 06:45:57', '2019-12-11 10:29:33', '2020-02-08 21:06:57');
INSERT INTO `cargo` (`id`, `name`, `items`, `add_pack_id`, `order_id`, `status_id`, `taken_at`, `shipped_at`, `delivered_at`) VALUES (82, 'Et praesentium deleniti doloribus quo porro nemo i', 9, 2, 82, 2, '2020-01-01 23:17:32', '2019-09-04 07:03:45', '2019-06-15 14:05:53');
INSERT INTO `cargo` (`id`, `name`, `items`, `add_pack_id`, `order_id`, `status_id`, `taken_at`, `shipped_at`, `delivered_at`) VALUES (83, 'At enim laudantium voluptatum.', 3, 3, 83, 3, '2019-07-06 12:55:07', '2020-01-14 21:40:50', '2019-09-09 13:02:31');
INSERT INTO `cargo` (`id`, `name`, `items`, `add_pack_id`, `order_id`, `status_id`, `taken_at`, `shipped_at`, `delivered_at`) VALUES (84, 'Doloremque laborum laborum dolorem alias nam dolor', 7, 4, 84, 4, '2019-07-07 17:09:05', '2020-04-04 21:50:00', '2020-02-22 12:55:39');
INSERT INTO `cargo` (`id`, `name`, `items`, `add_pack_id`, `order_id`, `status_id`, `taken_at`, `shipped_at`, `delivered_at`) VALUES (85, 'Velit modi ullam quisquam rem impedit repellat mol', 7, 1, 85, 5, '2019-12-03 18:47:41', '2019-09-20 00:05:30', '2019-12-27 18:41:40');
INSERT INTO `cargo` (`id`, `name`, `items`, `add_pack_id`, `order_id`, `status_id`, `taken_at`, `shipped_at`, `delivered_at`) VALUES (86, 'Saepe eaque animi nam cum.', 5, 2, 86, 1, '2020-03-16 05:39:21', '2019-08-13 15:44:55', '2020-01-22 08:51:28');
INSERT INTO `cargo` (`id`, `name`, `items`, `add_pack_id`, `order_id`, `status_id`, `taken_at`, `shipped_at`, `delivered_at`) VALUES (87, 'Laboriosam aliquid qui aut.', 1, 3, 87, 2, '2019-07-26 10:04:37', '2019-08-14 14:39:14', '2019-06-23 20:08:03');
INSERT INTO `cargo` (`id`, `name`, `items`, `add_pack_id`, `order_id`, `status_id`, `taken_at`, `shipped_at`, `delivered_at`) VALUES (88, 'Eos quasi ad maiores commodi natus ut.', 7, 4, 88, 3, '2020-04-29 01:25:27', '2020-01-02 02:25:07', '2019-12-24 16:43:32');
INSERT INTO `cargo` (`id`, `name`, `items`, `add_pack_id`, `order_id`, `status_id`, `taken_at`, `shipped_at`, `delivered_at`) VALUES (89, 'Velit tenetur in aliquam quam veritatis quam qui.', 6, 1, 89, 4, '2019-06-02 05:39:04', '2020-05-21 20:55:20', '2019-09-11 06:19:52');
INSERT INTO `cargo` (`id`, `name`, `items`, `add_pack_id`, `order_id`, `status_id`, `taken_at`, `shipped_at`, `delivered_at`) VALUES (90, 'Quas delectus minus commodi eligendi nesciunt offi', 6, 2, 90, 5, '2019-10-09 19:11:05', '2019-10-19 12:56:28', '2019-08-17 02:25:58');
INSERT INTO `cargo` (`id`, `name`, `items`, `add_pack_id`, `order_id`, `status_id`, `taken_at`, `shipped_at`, `delivered_at`) VALUES (91, 'Autem temporibus quo sint natus impedit dicta dele', 5, 3, 91, 1, '2019-11-11 12:49:37', '2019-07-01 08:55:25', '2019-08-16 04:17:31');
INSERT INTO `cargo` (`id`, `name`, `items`, `add_pack_id`, `order_id`, `status_id`, `taken_at`, `shipped_at`, `delivered_at`) VALUES (92, 'Ut voluptatem cupiditate pariatur quia.', 7, 4, 92, 2, '2020-05-13 14:39:34', '2019-09-13 06:10:21', '2019-09-17 05:56:15');
INSERT INTO `cargo` (`id`, `name`, `items`, `add_pack_id`, `order_id`, `status_id`, `taken_at`, `shipped_at`, `delivered_at`) VALUES (93, 'Et nobis rerum rerum velit perspiciatis.', 8, 1, 93, 3, '2019-12-04 20:45:30', '2019-09-24 22:16:38', '2019-11-01 10:50:39');
INSERT INTO `cargo` (`id`, `name`, `items`, `add_pack_id`, `order_id`, `status_id`, `taken_at`, `shipped_at`, `delivered_at`) VALUES (94, 'Accusamus vel dolor iusto id quidem et aut.', 3, 2, 94, 4, '2019-07-05 06:52:56', '2020-03-08 11:44:01', '2020-05-21 12:43:28');
INSERT INTO `cargo` (`id`, `name`, `items`, `add_pack_id`, `order_id`, `status_id`, `taken_at`, `shipped_at`, `delivered_at`) VALUES (95, 'Qui illo quas provident dolor accusamus.', 1, 3, 95, 5, '2020-02-03 21:54:58', '2020-02-20 09:41:27', '2019-07-17 19:00:40');
INSERT INTO `cargo` (`id`, `name`, `items`, `add_pack_id`, `order_id`, `status_id`, `taken_at`, `shipped_at`, `delivered_at`) VALUES (96, 'Quibusdam deserunt exercitationem repudiandae cons', 3, 4, 96, 1, '2019-10-22 16:16:21', '2019-06-15 02:24:21', '2020-03-28 02:56:15');
INSERT INTO `cargo` (`id`, `name`, `items`, `add_pack_id`, `order_id`, `status_id`, `taken_at`, `shipped_at`, `delivered_at`) VALUES (97, 'Dignissimos ut ut quis eveniet numquam.', 9, 1, 97, 2, '2020-03-09 07:18:07', '2019-07-27 04:47:29', '2020-02-28 18:33:39');
INSERT INTO `cargo` (`id`, `name`, `items`, `add_pack_id`, `order_id`, `status_id`, `taken_at`, `shipped_at`, `delivered_at`) VALUES (98, 'Quis fuga quam deleniti adipisci iusto.', 4, 2, 98, 3, '2019-09-22 12:23:11', '2020-02-10 17:48:35', '2020-04-01 07:00:09');
INSERT INTO `cargo` (`id`, `name`, `items`, `add_pack_id`, `order_id`, `status_id`, `taken_at`, `shipped_at`, `delivered_at`) VALUES (99, 'In explicabo ut et aut vero.', 1, 3, 99, 4, '2020-02-26 09:59:54', '2020-02-07 10:14:12', '2019-07-18 09:55:27');
INSERT INTO `cargo` (`id`, `name`, `items`, `add_pack_id`, `order_id`, `status_id`, `taken_at`, `shipped_at`, `delivered_at`) VALUES (100, 'Impedit maxime iste doloribus odit sed ut culpa.', 1, 4, 100, 5, '2019-11-05 17:22:45', '2019-12-20 19:29:23', '2020-05-23 02:49:14');
INSERT INTO `cargo` (`id`, `name`, `items`, `add_pack_id`, `order_id`, `status_id`, `taken_at`, `shipped_at`, `delivered_at`) VALUES (101, 'Esse ipsa sit iste quibusdam cum voluptatibus id.', 8, 1, 1, 1, '2020-04-02 18:49:26', '2019-06-20 12:23:32', '2020-03-04 19:29:37');
INSERT INTO `cargo` (`id`, `name`, `items`, `add_pack_id`, `order_id`, `status_id`, `taken_at`, `shipped_at`, `delivered_at`) VALUES (102, 'Ex consequuntur quos atque rem ut.', 3, 2, 2, 2, '2019-12-08 06:43:55', '2019-06-13 03:23:24', '2019-09-01 23:37:33');
INSERT INTO `cargo` (`id`, `name`, `items`, `add_pack_id`, `order_id`, `status_id`, `taken_at`, `shipped_at`, `delivered_at`) VALUES (103, 'Adipisci repellendus consequatur illum omnis et.', 3, 3, 3, 3, '2020-05-26 01:24:41', '2019-06-03 01:48:50', '2019-12-19 12:01:49');
INSERT INTO `cargo` (`id`, `name`, `items`, `add_pack_id`, `order_id`, `status_id`, `taken_at`, `shipped_at`, `delivered_at`) VALUES (104, 'Officiis eum culpa voluptatem aut.', 2, 4, 4, 4, '2019-07-05 20:53:07', '2019-11-28 03:46:17', '2020-01-20 21:25:33');
INSERT INTO `cargo` (`id`, `name`, `items`, `add_pack_id`, `order_id`, `status_id`, `taken_at`, `shipped_at`, `delivered_at`) VALUES (105, 'Consequuntur id sed consectetur consectetur aut.', 9, 1, 5, 5, '2019-06-29 17:51:54', '2020-03-15 18:30:12', '2019-08-14 00:55:16');
INSERT INTO `cargo` (`id`, `name`, `items`, `add_pack_id`, `order_id`, `status_id`, `taken_at`, `shipped_at`, `delivered_at`) VALUES (106, 'Assumenda consequuntur quam numquam officiis autem', 8, 2, 6, 1, '2020-02-08 12:29:36', '2020-05-22 20:48:08', '2019-12-30 15:22:00');
INSERT INTO `cargo` (`id`, `name`, `items`, `add_pack_id`, `order_id`, `status_id`, `taken_at`, `shipped_at`, `delivered_at`) VALUES (107, 'Aut enim dolor culpa iusto.', 3, 3, 7, 2, '2019-09-14 21:11:25', '2020-03-08 23:27:55', '2019-08-13 17:16:23');
INSERT INTO `cargo` (`id`, `name`, `items`, `add_pack_id`, `order_id`, `status_id`, `taken_at`, `shipped_at`, `delivered_at`) VALUES (108, 'Eos repellendus eius sit deleniti consequatur expe', 3, 4, 8, 3, '2019-07-05 21:10:14', '2019-12-28 13:58:37', '2020-04-10 11:30:22');
INSERT INTO `cargo` (`id`, `name`, `items`, `add_pack_id`, `order_id`, `status_id`, `taken_at`, `shipped_at`, `delivered_at`) VALUES (109, 'Tenetur dolorum praesentium eum magnam iusto eum e', 4, 1, 9, 4, '2019-11-08 03:04:41', '2020-03-30 11:06:45', '2019-11-23 22:31:24');
INSERT INTO `cargo` (`id`, `name`, `items`, `add_pack_id`, `order_id`, `status_id`, `taken_at`, `shipped_at`, `delivered_at`) VALUES (110, 'Vero aut impedit sed est quo.', 5, 2, 10, 5, '2020-02-13 07:53:08', '2020-03-16 14:46:03', '2019-11-24 07:25:38');
INSERT INTO `cargo` (`id`, `name`, `items`, `add_pack_id`, `order_id`, `status_id`, `taken_at`, `shipped_at`, `delivered_at`) VALUES (111, 'Voluptas aliquid tempore impedit est.', 2, 3, 11, 1, '2020-04-25 02:02:03', '2019-09-01 03:46:00', '2020-05-02 02:25:21');
INSERT INTO `cargo` (`id`, `name`, `items`, `add_pack_id`, `order_id`, `status_id`, `taken_at`, `shipped_at`, `delivered_at`) VALUES (112, 'Voluptatem adipisci tempora perferendis aliquid vo', 7, 4, 12, 2, '2020-04-22 02:51:31', '2020-02-17 02:20:41', '2019-11-17 19:55:55');
INSERT INTO `cargo` (`id`, `name`, `items`, `add_pack_id`, `order_id`, `status_id`, `taken_at`, `shipped_at`, `delivered_at`) VALUES (113, 'Ex vel eum ea est.', 4, 1, 13, 3, '2020-03-16 17:58:40', '2020-01-03 13:45:02', '2020-05-16 16:15:00');
INSERT INTO `cargo` (`id`, `name`, `items`, `add_pack_id`, `order_id`, `status_id`, `taken_at`, `shipped_at`, `delivered_at`) VALUES (114, 'Et nam atque rerum fugit sed ipsam quasi.', 3, 2, 14, 4, '2019-08-09 13:46:42', '2019-07-27 08:59:58', '2020-05-30 22:28:28');
INSERT INTO `cargo` (`id`, `name`, `items`, `add_pack_id`, `order_id`, `status_id`, `taken_at`, `shipped_at`, `delivered_at`) VALUES (115, 'Accusamus est mollitia accusamus aut quis iste.', 4, 3, 15, 5, '2020-04-22 06:54:02', '2019-11-07 22:33:32', '2019-07-14 08:35:20');
INSERT INTO `cargo` (`id`, `name`, `items`, `add_pack_id`, `order_id`, `status_id`, `taken_at`, `shipped_at`, `delivered_at`) VALUES (116, 'Omnis ad praesentium minus rerum.', 4, 4, 16, 1, '2020-05-07 12:17:25', '2020-01-25 16:53:46', '2019-12-23 05:09:54');
INSERT INTO `cargo` (`id`, `name`, `items`, `add_pack_id`, `order_id`, `status_id`, `taken_at`, `shipped_at`, `delivered_at`) VALUES (117, 'Officia recusandae maxime odio voluptas ut dolores', 5, 1, 17, 2, '2020-03-12 17:46:07', '2019-10-20 21:14:54', '2019-07-31 20:21:54');
INSERT INTO `cargo` (`id`, `name`, `items`, `add_pack_id`, `order_id`, `status_id`, `taken_at`, `shipped_at`, `delivered_at`) VALUES (118, 'Earum quibusdam velit veritatis sit ut.', 3, 2, 18, 3, '2019-11-29 02:56:54', '2019-06-20 05:17:44', '2019-10-21 01:52:10');
INSERT INTO `cargo` (`id`, `name`, `items`, `add_pack_id`, `order_id`, `status_id`, `taken_at`, `shipped_at`, `delivered_at`) VALUES (119, 'Aperiam laborum id pariatur quasi.', 3, 3, 19, 4, '2019-12-26 15:04:24', '2019-06-19 16:40:26', '2019-06-18 15:00:31');
INSERT INTO `cargo` (`id`, `name`, `items`, `add_pack_id`, `order_id`, `status_id`, `taken_at`, `shipped_at`, `delivered_at`) VALUES (120, 'Ex voluptatem officia magni sequi maiores quia.', 6, 4, 20, 5, '2019-10-03 16:02:44', '2020-05-16 11:58:14', '2020-03-09 11:13:13');
INSERT INTO `cargo` (`id`, `name`, `items`, `add_pack_id`, `order_id`, `status_id`, `taken_at`, `shipped_at`, `delivered_at`) VALUES (121, 'Voluptas esse qui enim animi possimus laboriosam.', 9, 1, 21, 1, '2019-11-12 21:05:46', '2020-04-29 09:32:08', '2019-12-22 12:56:36');
INSERT INTO `cargo` (`id`, `name`, `items`, `add_pack_id`, `order_id`, `status_id`, `taken_at`, `shipped_at`, `delivered_at`) VALUES (122, 'Et itaque sed at.', 3, 2, 22, 2, '2020-04-12 12:46:25', '2020-02-17 03:41:49', '2020-02-12 07:17:07');
INSERT INTO `cargo` (`id`, `name`, `items`, `add_pack_id`, `order_id`, `status_id`, `taken_at`, `shipped_at`, `delivered_at`) VALUES (123, 'Laborum at quod qui.', 8, 3, 23, 3, '2019-09-27 12:52:46', '2020-04-12 10:07:17', '2019-10-26 04:13:32');
INSERT INTO `cargo` (`id`, `name`, `items`, `add_pack_id`, `order_id`, `status_id`, `taken_at`, `shipped_at`, `delivered_at`) VALUES (124, 'Cupiditate vitae aut et saepe odio in necessitatib', 2, 4, 24, 4, '2020-01-12 11:45:23', '2019-08-05 21:45:43', '2019-06-21 19:40:31');
INSERT INTO `cargo` (`id`, `name`, `items`, `add_pack_id`, `order_id`, `status_id`, `taken_at`, `shipped_at`, `delivered_at`) VALUES (125, 'Voluptas non est dolores sunt molestias minus sit ', 7, 1, 25, 5, '2019-11-21 01:40:44', '2019-11-26 20:36:36', '2019-08-19 08:32:50');
INSERT INTO `cargo` (`id`, `name`, `items`, `add_pack_id`, `order_id`, `status_id`, `taken_at`, `shipped_at`, `delivered_at`) VALUES (126, 'Tenetur consequuntur magni quibusdam maxime.', 8, 2, 26, 1, '2019-12-19 00:27:05', '2020-04-21 12:25:48', '2019-06-21 11:13:59');
INSERT INTO `cargo` (`id`, `name`, `items`, `add_pack_id`, `order_id`, `status_id`, `taken_at`, `shipped_at`, `delivered_at`) VALUES (127, 'Vel molestias voluptas voluptatem aut rem odit.', 4, 3, 27, 2, '2020-05-05 14:52:14', '2019-07-13 11:55:37', '2020-02-10 11:03:20');
INSERT INTO `cargo` (`id`, `name`, `items`, `add_pack_id`, `order_id`, `status_id`, `taken_at`, `shipped_at`, `delivered_at`) VALUES (128, 'Voluptas occaecati et molestias ab officiis animi ', 6, 4, 28, 3, '2020-04-06 11:58:33', '2019-09-21 23:17:14', '2020-03-31 03:31:23');
INSERT INTO `cargo` (`id`, `name`, `items`, `add_pack_id`, `order_id`, `status_id`, `taken_at`, `shipped_at`, `delivered_at`) VALUES (129, 'Provident ipsa magni consequatur minus eos.', 9, 1, 29, 4, '2020-05-03 10:03:03', '2019-07-15 20:11:37', '2020-01-05 17:45:24');
INSERT INTO `cargo` (`id`, `name`, `items`, `add_pack_id`, `order_id`, `status_id`, `taken_at`, `shipped_at`, `delivered_at`) VALUES (130, 'Quas nostrum debitis rerum.', 3, 2, 30, 5, '2019-08-18 05:14:56', '2020-03-24 08:03:27', '2020-01-12 02:54:16');
INSERT INTO `cargo` (`id`, `name`, `items`, `add_pack_id`, `order_id`, `status_id`, `taken_at`, `shipped_at`, `delivered_at`) VALUES (131, 'Delectus quis qui error ea nihil ipsa.', 3, 3, 31, 1, '2020-05-10 08:53:53', '2019-07-06 07:57:06', '2019-08-01 00:51:56');
INSERT INTO `cargo` (`id`, `name`, `items`, `add_pack_id`, `order_id`, `status_id`, `taken_at`, `shipped_at`, `delivered_at`) VALUES (132, 'Quod inventore magnam asperiores et dolor impedit ', 7, 4, 32, 2, '2020-02-24 23:43:20', '2020-03-05 14:31:04', '2019-10-07 17:10:05');
INSERT INTO `cargo` (`id`, `name`, `items`, `add_pack_id`, `order_id`, `status_id`, `taken_at`, `shipped_at`, `delivered_at`) VALUES (133, 'Ullam facere laudantium commodi deleniti.', 1, 1, 33, 3, '2019-09-17 04:41:48', '2020-03-28 22:12:30', '2019-12-26 05:02:11');
INSERT INTO `cargo` (`id`, `name`, `items`, `add_pack_id`, `order_id`, `status_id`, `taken_at`, `shipped_at`, `delivered_at`) VALUES (134, 'Voluptas consequatur culpa laboriosam fugiat.', 1, 2, 34, 4, '2019-11-20 11:06:20', '2020-04-12 02:24:03', '2019-07-06 03:30:05');
INSERT INTO `cargo` (`id`, `name`, `items`, `add_pack_id`, `order_id`, `status_id`, `taken_at`, `shipped_at`, `delivered_at`) VALUES (135, 'Quos alias quae reiciendis ipsa veritatis et quod.', 3, 3, 35, 5, '2019-11-06 07:10:46', '2019-10-22 03:40:14', '2020-01-02 15:15:02');
INSERT INTO `cargo` (`id`, `name`, `items`, `add_pack_id`, `order_id`, `status_id`, `taken_at`, `shipped_at`, `delivered_at`) VALUES (136, 'Commodi quisquam veniam aspernatur nihil.', 2, 4, 36, 1, '2019-08-10 03:35:39', '2019-08-05 07:46:35', '2020-03-27 23:19:21');
INSERT INTO `cargo` (`id`, `name`, `items`, `add_pack_id`, `order_id`, `status_id`, `taken_at`, `shipped_at`, `delivered_at`) VALUES (137, 'Ut nesciunt dignissimos aliquam.', 7, 1, 37, 2, '2020-05-05 06:52:28', '2020-04-19 04:30:12', '2019-12-27 23:32:50');
INSERT INTO `cargo` (`id`, `name`, `items`, `add_pack_id`, `order_id`, `status_id`, `taken_at`, `shipped_at`, `delivered_at`) VALUES (138, 'Minus corporis perspiciatis quidem omnis ut.', 5, 2, 38, 3, '2019-09-20 13:16:41', '2020-02-23 17:06:01', '2019-06-07 18:44:55');
INSERT INTO `cargo` (`id`, `name`, `items`, `add_pack_id`, `order_id`, `status_id`, `taken_at`, `shipped_at`, `delivered_at`) VALUES (139, 'Quo eligendi id rerum in velit aut sit consequatur', 8, 3, 39, 4, '2019-10-18 23:46:07', '2020-04-01 15:16:19', '2019-06-28 01:07:54');
INSERT INTO `cargo` (`id`, `name`, `items`, `add_pack_id`, `order_id`, `status_id`, `taken_at`, `shipped_at`, `delivered_at`) VALUES (140, 'Sit et quidem fuga accusamus doloremque molestiae ', 8, 4, 40, 5, '2020-03-05 15:27:33', '2019-11-13 20:42:59', '2019-11-24 08:24:43');
INSERT INTO `cargo` (`id`, `name`, `items`, `add_pack_id`, `order_id`, `status_id`, `taken_at`, `shipped_at`, `delivered_at`) VALUES (141, 'Iste ducimus cupiditate officiis dolor et modi.', 3, 1, 41, 1, '2019-11-08 08:44:36', '2020-01-13 03:50:50', '2020-02-05 15:12:38');
INSERT INTO `cargo` (`id`, `name`, `items`, `add_pack_id`, `order_id`, `status_id`, `taken_at`, `shipped_at`, `delivered_at`) VALUES (142, 'Quae consequatur quo esse eveniet illum quos repel', 4, 2, 42, 2, '2019-11-10 21:12:31', '2019-09-16 04:10:16', '2020-05-12 01:46:51');
INSERT INTO `cargo` (`id`, `name`, `items`, `add_pack_id`, `order_id`, `status_id`, `taken_at`, `shipped_at`, `delivered_at`) VALUES (143, 'Molestiae qui corrupti nihil consequatur molestiae', 2, 3, 43, 3, '2019-07-25 11:56:29', '2019-11-12 15:22:55', '2019-12-06 20:39:21');
INSERT INTO `cargo` (`id`, `name`, `items`, `add_pack_id`, `order_id`, `status_id`, `taken_at`, `shipped_at`, `delivered_at`) VALUES (144, 'Ut aut vel blanditiis quia eaque.', 6, 4, 44, 4, '2019-06-16 23:52:48', '2019-08-29 07:15:05', '2019-11-05 07:33:09');
INSERT INTO `cargo` (`id`, `name`, `items`, `add_pack_id`, `order_id`, `status_id`, `taken_at`, `shipped_at`, `delivered_at`) VALUES (145, 'Ullam nobis laboriosam omnis.', 5, 1, 45, 5, '2020-01-29 20:13:10', '2019-06-30 16:31:53', '2019-12-21 05:16:45');
INSERT INTO `cargo` (`id`, `name`, `items`, `add_pack_id`, `order_id`, `status_id`, `taken_at`, `shipped_at`, `delivered_at`) VALUES (146, 'Placeat incidunt et qui hic minima sed.', 7, 2, 46, 1, '2020-01-03 23:21:59', '2019-09-25 16:17:57', '2020-03-21 03:11:59');
INSERT INTO `cargo` (`id`, `name`, `items`, `add_pack_id`, `order_id`, `status_id`, `taken_at`, `shipped_at`, `delivered_at`) VALUES (147, 'Eos error veritatis quas dolores perferendis moles', 3, 3, 47, 2, '2019-12-03 10:32:28', '2020-02-24 09:28:19', '2020-03-08 12:53:19');
INSERT INTO `cargo` (`id`, `name`, `items`, `add_pack_id`, `order_id`, `status_id`, `taken_at`, `shipped_at`, `delivered_at`) VALUES (148, 'Sit rerum nesciunt eum harum qui excepturi quae ut', 6, 4, 48, 3, '2019-12-28 09:06:39', '2019-10-04 23:35:30', '2020-03-02 21:17:26');
INSERT INTO `cargo` (`id`, `name`, `items`, `add_pack_id`, `order_id`, `status_id`, `taken_at`, `shipped_at`, `delivered_at`) VALUES (149, 'Molestiae qui quaerat debitis magnam.', 2, 1, 49, 4, '2020-04-01 05:47:04', '2020-02-03 15:10:17', '2019-09-14 14:35:06');
INSERT INTO `cargo` (`id`, `name`, `items`, `add_pack_id`, `order_id`, `status_id`, `taken_at`, `shipped_at`, `delivered_at`) VALUES (150, 'Non aut fuga quisquam nihil nulla.', 6, 2, 50, 5, '2019-11-11 11:23:38', '2020-05-25 23:14:00', '2020-05-29 16:30:58');


INSERT INTO `cargo_profiles` (`cargo_id`, `cargo_type_id`, `weight`, `sizes`, `value`, `created_at`, `updated_at`) VALUES (1, 1, 4644, 104, '8098061.32', '2019-11-08 16:50:34', '2019-07-20 10:54:36');
INSERT INTO `cargo_profiles` (`cargo_id`, `cargo_type_id`, `weight`, `sizes`, `value`, `created_at`, `updated_at`) VALUES (2, 2, 3134, 210, '4634410.11', '2019-12-08 08:02:56', '2019-10-15 03:01:32');
INSERT INTO `cargo_profiles` (`cargo_id`, `cargo_type_id`, `weight`, `sizes`, `value`, `created_at`, `updated_at`) VALUES (3, 3, 1085, 663, '1424136.20', '2019-08-04 11:41:13', '2019-10-21 09:07:01');
INSERT INTO `cargo_profiles` (`cargo_id`, `cargo_type_id`, `weight`, `sizes`, `value`, `created_at`, `updated_at`) VALUES (4, 4, 8665, 451, '5426569.18', '2020-02-07 11:52:03', '2019-09-29 14:28:36');
INSERT INTO `cargo_profiles` (`cargo_id`, `cargo_type_id`, `weight`, `sizes`, `value`, `created_at`, `updated_at`) VALUES (5, 1, 5923, 567, '6315710.51', '2020-04-29 11:47:26', '2020-02-28 08:02:03');
INSERT INTO `cargo_profiles` (`cargo_id`, `cargo_type_id`, `weight`, `sizes`, `value`, `created_at`, `updated_at`) VALUES (6, 2, 9846, 581, '4593836.12', '2020-03-31 05:41:54', '2019-11-20 21:23:00');
INSERT INTO `cargo_profiles` (`cargo_id`, `cargo_type_id`, `weight`, `sizes`, `value`, `created_at`, `updated_at`) VALUES (7, 3, 7897, 861, '132814.16', '2019-06-07 10:19:05', '2019-08-17 14:07:07');
INSERT INTO `cargo_profiles` (`cargo_id`, `cargo_type_id`, `weight`, `sizes`, `value`, `created_at`, `updated_at`) VALUES (8, 4, 5728, 227, '1898617.58', '2020-02-10 20:27:56', '2020-04-02 23:34:29');
INSERT INTO `cargo_profiles` (`cargo_id`, `cargo_type_id`, `weight`, `sizes`, `value`, `created_at`, `updated_at`) VALUES (9, 1, 791, 777, '4459516.00', '2019-07-25 06:52:03', '2020-02-02 12:39:38');
INSERT INTO `cargo_profiles` (`cargo_id`, `cargo_type_id`, `weight`, `sizes`, `value`, `created_at`, `updated_at`) VALUES (10, 2, 8470, 285, '1560838.82', '2019-07-31 20:38:41', '2020-02-11 03:16:15');
INSERT INTO `cargo_profiles` (`cargo_id`, `cargo_type_id`, `weight`, `sizes`, `value`, `created_at`, `updated_at`) VALUES (11, 3, 6244, 46, '5764328.71', '2019-09-17 05:32:33', '2020-05-27 21:25:39');
INSERT INTO `cargo_profiles` (`cargo_id`, `cargo_type_id`, `weight`, `sizes`, `value`, `created_at`, `updated_at`) VALUES (12, 4, 8587, 375, '156795.60', '2020-05-06 12:55:53', '2019-07-24 03:34:12');
INSERT INTO `cargo_profiles` (`cargo_id`, `cargo_type_id`, `weight`, `sizes`, `value`, `created_at`, `updated_at`) VALUES (13, 1, 4778, 750, '5563861.72', '2019-06-14 20:51:30', '2020-02-05 13:38:35');
INSERT INTO `cargo_profiles` (`cargo_id`, `cargo_type_id`, `weight`, `sizes`, `value`, `created_at`, `updated_at`) VALUES (14, 2, 6106, 652, '6225433.67', '2019-12-12 11:35:55', '2019-11-16 01:58:49');
INSERT INTO `cargo_profiles` (`cargo_id`, `cargo_type_id`, `weight`, `sizes`, `value`, `created_at`, `updated_at`) VALUES (15, 3, 5670, 638, '5311206.51', '2020-04-16 12:00:09', '2019-10-13 21:23:26');
INSERT INTO `cargo_profiles` (`cargo_id`, `cargo_type_id`, `weight`, `sizes`, `value`, `created_at`, `updated_at`) VALUES (16, 4, 9525, 37, '1385984.29', '2020-01-27 23:29:16', '2020-04-18 08:56:01');
INSERT INTO `cargo_profiles` (`cargo_id`, `cargo_type_id`, `weight`, `sizes`, `value`, `created_at`, `updated_at`) VALUES (17, 1, 8728, 413, '2195534.53', '2019-08-02 04:52:29', '2020-05-30 04:22:45');
INSERT INTO `cargo_profiles` (`cargo_id`, `cargo_type_id`, `weight`, `sizes`, `value`, `created_at`, `updated_at`) VALUES (18, 2, 8039, 922, '7807044.65', '2020-01-27 19:51:09', '2019-09-06 16:46:59');
INSERT INTO `cargo_profiles` (`cargo_id`, `cargo_type_id`, `weight`, `sizes`, `value`, `created_at`, `updated_at`) VALUES (19, 3, 481, 948, '5913631.85', '2019-10-14 02:24:54', '2019-12-10 04:15:40');
INSERT INTO `cargo_profiles` (`cargo_id`, `cargo_type_id`, `weight`, `sizes`, `value`, `created_at`, `updated_at`) VALUES (20, 4, 4223, 833, '37678.62', '2020-01-17 23:11:02', '2019-07-20 01:07:15');
INSERT INTO `cargo_profiles` (`cargo_id`, `cargo_type_id`, `weight`, `sizes`, `value`, `created_at`, `updated_at`) VALUES (21, 1, 1997, 721, '7151545.89', '2019-06-03 07:48:49', '2019-08-19 13:21:16');
INSERT INTO `cargo_profiles` (`cargo_id`, `cargo_type_id`, `weight`, `sizes`, `value`, `created_at`, `updated_at`) VALUES (22, 2, 7208, 515, '2635848.69', '2020-02-03 14:26:50', '2019-07-25 11:56:54');
INSERT INTO `cargo_profiles` (`cargo_id`, `cargo_type_id`, `weight`, `sizes`, `value`, `created_at`, `updated_at`) VALUES (23, 3, 1410, 387, '3004134.17', '2020-05-17 23:13:19', '2019-11-20 15:45:34');
INSERT INTO `cargo_profiles` (`cargo_id`, `cargo_type_id`, `weight`, `sizes`, `value`, `created_at`, `updated_at`) VALUES (24, 4, 788, 368, '3534327.46', '2019-12-27 09:14:52', '2019-09-18 20:02:16');
INSERT INTO `cargo_profiles` (`cargo_id`, `cargo_type_id`, `weight`, `sizes`, `value`, `created_at`, `updated_at`) VALUES (25, 1, 4369, 826, '6703208.26', '2019-08-11 21:16:51', '2019-10-04 14:38:23');
INSERT INTO `cargo_profiles` (`cargo_id`, `cargo_type_id`, `weight`, `sizes`, `value`, `created_at`, `updated_at`) VALUES (26, 2, 1557, 520, '4086203.81', '2019-11-26 06:46:40', '2019-11-16 14:29:04');
INSERT INTO `cargo_profiles` (`cargo_id`, `cargo_type_id`, `weight`, `sizes`, `value`, `created_at`, `updated_at`) VALUES (27, 3, 3580, 803, '2239448.68', '2019-09-07 01:31:09', '2020-03-09 16:05:09');
INSERT INTO `cargo_profiles` (`cargo_id`, `cargo_type_id`, `weight`, `sizes`, `value`, `created_at`, `updated_at`) VALUES (28, 4, 4516, 65, '3629712.31', '2020-02-16 21:44:39', '2020-01-30 10:35:10');
INSERT INTO `cargo_profiles` (`cargo_id`, `cargo_type_id`, `weight`, `sizes`, `value`, `created_at`, `updated_at`) VALUES (29, 1, 7526, 855, '9532944.84', '2019-06-19 10:02:34', '2020-04-22 23:15:22');
INSERT INTO `cargo_profiles` (`cargo_id`, `cargo_type_id`, `weight`, `sizes`, `value`, `created_at`, `updated_at`) VALUES (30, 2, 8332, 411, '3829199.44', '2020-05-26 05:39:42', '2019-06-08 04:57:31');
INSERT INTO `cargo_profiles` (`cargo_id`, `cargo_type_id`, `weight`, `sizes`, `value`, `created_at`, `updated_at`) VALUES (31, 3, 9822, 343, '7355594.49', '2019-09-25 17:52:10', '2019-08-17 06:36:47');
INSERT INTO `cargo_profiles` (`cargo_id`, `cargo_type_id`, `weight`, `sizes`, `value`, `created_at`, `updated_at`) VALUES (32, 4, 7964, 258, '2217622.97', '2019-11-06 07:24:13', '2019-09-18 06:31:54');
INSERT INTO `cargo_profiles` (`cargo_id`, `cargo_type_id`, `weight`, `sizes`, `value`, `created_at`, `updated_at`) VALUES (33, 1, 8335, 291, '9132473.51', '2019-07-02 15:04:52', '2019-11-28 05:21:12');
INSERT INTO `cargo_profiles` (`cargo_id`, `cargo_type_id`, `weight`, `sizes`, `value`, `created_at`, `updated_at`) VALUES (34, 2, 8221, 667, '158663.15', '2020-04-15 20:07:25', '2019-11-09 02:08:17');
INSERT INTO `cargo_profiles` (`cargo_id`, `cargo_type_id`, `weight`, `sizes`, `value`, `created_at`, `updated_at`) VALUES (35, 3, 8339, 515, '8696606.38', '2019-09-10 07:42:25', '2019-10-18 12:35:49');
INSERT INTO `cargo_profiles` (`cargo_id`, `cargo_type_id`, `weight`, `sizes`, `value`, `created_at`, `updated_at`) VALUES (36, 4, 7490, 318, '8973305.14', '2020-01-06 10:11:37', '2020-02-22 01:32:26');
INSERT INTO `cargo_profiles` (`cargo_id`, `cargo_type_id`, `weight`, `sizes`, `value`, `created_at`, `updated_at`) VALUES (37, 1, 6467, 27, '8072962.38', '2019-07-20 03:56:47', '2019-12-21 06:23:40');
INSERT INTO `cargo_profiles` (`cargo_id`, `cargo_type_id`, `weight`, `sizes`, `value`, `created_at`, `updated_at`) VALUES (38, 2, 7468, 247, '973300.55', '2019-06-25 01:41:57', '2020-04-10 13:38:30');
INSERT INTO `cargo_profiles` (`cargo_id`, `cargo_type_id`, `weight`, `sizes`, `value`, `created_at`, `updated_at`) VALUES (39, 3, 5999, 724, '4871648.01', '2019-08-24 07:57:34', '2020-05-23 02:07:00');
INSERT INTO `cargo_profiles` (`cargo_id`, `cargo_type_id`, `weight`, `sizes`, `value`, `created_at`, `updated_at`) VALUES (40, 4, 3033, 258, '9703330.78', '2019-12-16 00:31:09', '2020-01-07 09:45:04');
INSERT INTO `cargo_profiles` (`cargo_id`, `cargo_type_id`, `weight`, `sizes`, `value`, `created_at`, `updated_at`) VALUES (41, 1, 3464, 50, '8858722.17', '2019-11-12 14:53:03', '2020-04-20 04:38:50');
INSERT INTO `cargo_profiles` (`cargo_id`, `cargo_type_id`, `weight`, `sizes`, `value`, `created_at`, `updated_at`) VALUES (42, 2, 9687, 17, '5634662.49', '2020-05-16 02:04:00', '2019-09-23 17:34:08');
INSERT INTO `cargo_profiles` (`cargo_id`, `cargo_type_id`, `weight`, `sizes`, `value`, `created_at`, `updated_at`) VALUES (43, 3, 6296, 585, '7403026.34', '2020-02-06 21:20:42', '2019-10-27 19:24:14');
INSERT INTO `cargo_profiles` (`cargo_id`, `cargo_type_id`, `weight`, `sizes`, `value`, `created_at`, `updated_at`) VALUES (44, 4, 2829, 163, '9556494.31', '2019-12-31 01:55:13', '2019-12-15 16:06:51');
INSERT INTO `cargo_profiles` (`cargo_id`, `cargo_type_id`, `weight`, `sizes`, `value`, `created_at`, `updated_at`) VALUES (45, 1, 8682, 943, '4645879.89', '2019-07-03 19:37:25', '2020-03-20 07:23:02');
INSERT INTO `cargo_profiles` (`cargo_id`, `cargo_type_id`, `weight`, `sizes`, `value`, `created_at`, `updated_at`) VALUES (46, 2, 7962, 999, '8258.04', '2019-06-20 15:43:20', '2020-01-06 00:05:16');
INSERT INTO `cargo_profiles` (`cargo_id`, `cargo_type_id`, `weight`, `sizes`, `value`, `created_at`, `updated_at`) VALUES (47, 3, 369, 848, '7152897.72', '2019-12-06 08:37:23', '2020-02-08 21:51:15');
INSERT INTO `cargo_profiles` (`cargo_id`, `cargo_type_id`, `weight`, `sizes`, `value`, `created_at`, `updated_at`) VALUES (48, 4, 744, 586, '1257394.16', '2020-05-16 02:26:02', '2019-11-30 09:36:15');
INSERT INTO `cargo_profiles` (`cargo_id`, `cargo_type_id`, `weight`, `sizes`, `value`, `created_at`, `updated_at`) VALUES (49, 1, 4025, 85, '5218996.80', '2020-04-20 19:02:31', '2020-02-05 18:51:48');
INSERT INTO `cargo_profiles` (`cargo_id`, `cargo_type_id`, `weight`, `sizes`, `value`, `created_at`, `updated_at`) VALUES (50, 2, 9370, 119, '3509625.91', '2019-09-17 01:10:21', '2020-02-02 00:02:33');
INSERT INTO `cargo_profiles` (`cargo_id`, `cargo_type_id`, `weight`, `sizes`, `value`, `created_at`, `updated_at`) VALUES (51, 3, 2417, 551, '3313398.56', '2019-10-22 00:35:01', '2019-10-12 17:55:19');
INSERT INTO `cargo_profiles` (`cargo_id`, `cargo_type_id`, `weight`, `sizes`, `value`, `created_at`, `updated_at`) VALUES (52, 4, 4568, 993, '4148258.47', '2020-03-08 01:06:31', '2019-09-23 20:23:51');
INSERT INTO `cargo_profiles` (`cargo_id`, `cargo_type_id`, `weight`, `sizes`, `value`, `created_at`, `updated_at`) VALUES (53, 1, 2479, 933, '7333253.13', '2020-02-19 16:54:18', '2019-09-06 11:05:36');
INSERT INTO `cargo_profiles` (`cargo_id`, `cargo_type_id`, `weight`, `sizes`, `value`, `created_at`, `updated_at`) VALUES (54, 2, 3872, 587, '2232539.18', '2020-01-27 12:59:51', '2019-10-25 14:06:26');
INSERT INTO `cargo_profiles` (`cargo_id`, `cargo_type_id`, `weight`, `sizes`, `value`, `created_at`, `updated_at`) VALUES (55, 3, 8635, 93, '4602082.91', '2019-07-07 15:48:50', '2019-08-29 08:45:39');
INSERT INTO `cargo_profiles` (`cargo_id`, `cargo_type_id`, `weight`, `sizes`, `value`, `created_at`, `updated_at`) VALUES (56, 4, 1719, 651, '3671907.55', '2019-06-03 02:27:09', '2019-12-30 16:24:53');
INSERT INTO `cargo_profiles` (`cargo_id`, `cargo_type_id`, `weight`, `sizes`, `value`, `created_at`, `updated_at`) VALUES (57, 1, 2684, 761, '1902762.18', '2020-04-15 19:52:05', '2019-07-30 10:58:49');
INSERT INTO `cargo_profiles` (`cargo_id`, `cargo_type_id`, `weight`, `sizes`, `value`, `created_at`, `updated_at`) VALUES (58, 2, 7636, 758, '953226.12', '2019-07-17 07:59:57', '2019-12-31 11:15:37');
INSERT INTO `cargo_profiles` (`cargo_id`, `cargo_type_id`, `weight`, `sizes`, `value`, `created_at`, `updated_at`) VALUES (59, 3, 3167, 681, '2389481.56', '2020-02-21 04:18:29', '2020-01-05 09:06:23');
INSERT INTO `cargo_profiles` (`cargo_id`, `cargo_type_id`, `weight`, `sizes`, `value`, `created_at`, `updated_at`) VALUES (60, 4, 3033, 169, '1925443.45', '2020-04-11 20:02:40', '2020-03-23 14:06:10');
INSERT INTO `cargo_profiles` (`cargo_id`, `cargo_type_id`, `weight`, `sizes`, `value`, `created_at`, `updated_at`) VALUES (61, 1, 4689, 322, '764231.22', '2020-04-11 18:44:55', '2019-08-01 15:40:34');
INSERT INTO `cargo_profiles` (`cargo_id`, `cargo_type_id`, `weight`, `sizes`, `value`, `created_at`, `updated_at`) VALUES (62, 2, 4438, 470, '2876431.07', '2019-11-20 00:31:54', '2020-05-31 19:50:14');
INSERT INTO `cargo_profiles` (`cargo_id`, `cargo_type_id`, `weight`, `sizes`, `value`, `created_at`, `updated_at`) VALUES (63, 3, 8227, 620, '396404.66', '2019-08-19 16:33:49', '2020-05-23 20:21:52');
INSERT INTO `cargo_profiles` (`cargo_id`, `cargo_type_id`, `weight`, `sizes`, `value`, `created_at`, `updated_at`) VALUES (64, 4, 3385, 916, '9912422.35', '2019-09-12 09:56:28', '2020-04-07 23:19:58');
INSERT INTO `cargo_profiles` (`cargo_id`, `cargo_type_id`, `weight`, `sizes`, `value`, `created_at`, `updated_at`) VALUES (65, 1, 4863, 743, '1377030.63', '2020-03-17 19:33:25', '2019-11-18 04:40:19');
INSERT INTO `cargo_profiles` (`cargo_id`, `cargo_type_id`, `weight`, `sizes`, `value`, `created_at`, `updated_at`) VALUES (66, 2, 5006, 754, '5365714.88', '2019-08-31 12:14:20', '2020-05-31 10:07:42');
INSERT INTO `cargo_profiles` (`cargo_id`, `cargo_type_id`, `weight`, `sizes`, `value`, `created_at`, `updated_at`) VALUES (67, 3, 2192, 374, '8065445.39', '2020-05-21 11:14:20', '2019-12-21 20:18:27');
INSERT INTO `cargo_profiles` (`cargo_id`, `cargo_type_id`, `weight`, `sizes`, `value`, `created_at`, `updated_at`) VALUES (68, 4, 3378, 668, '1979999.99', '2019-06-03 16:46:29', '2020-01-07 00:53:37');
INSERT INTO `cargo_profiles` (`cargo_id`, `cargo_type_id`, `weight`, `sizes`, `value`, `created_at`, `updated_at`) VALUES (69, 1, 9851, 290, '4830755.52', '2020-04-21 07:44:52', '2019-12-06 22:25:38');
INSERT INTO `cargo_profiles` (`cargo_id`, `cargo_type_id`, `weight`, `sizes`, `value`, `created_at`, `updated_at`) VALUES (70, 2, 6167, 296, '2529313.11', '2019-09-25 14:27:35', '2019-12-04 19:52:47');
INSERT INTO `cargo_profiles` (`cargo_id`, `cargo_type_id`, `weight`, `sizes`, `value`, `created_at`, `updated_at`) VALUES (71, 3, 1270, 82, '6082141.59', '2020-04-08 17:12:19', '2019-11-20 19:50:59');
INSERT INTO `cargo_profiles` (`cargo_id`, `cargo_type_id`, `weight`, `sizes`, `value`, `created_at`, `updated_at`) VALUES (72, 4, 2300, 831, '4997127.41', '2019-12-08 10:56:17', '2019-11-30 08:07:58');
INSERT INTO `cargo_profiles` (`cargo_id`, `cargo_type_id`, `weight`, `sizes`, `value`, `created_at`, `updated_at`) VALUES (73, 1, 4112, 995, '6467664.75', '2020-05-16 08:01:08', '2019-11-13 15:58:38');
INSERT INTO `cargo_profiles` (`cargo_id`, `cargo_type_id`, `weight`, `sizes`, `value`, `created_at`, `updated_at`) VALUES (74, 2, 5547, 885, '7330129.63', '2020-05-26 10:08:59', '2020-05-24 18:16:59');
INSERT INTO `cargo_profiles` (`cargo_id`, `cargo_type_id`, `weight`, `sizes`, `value`, `created_at`, `updated_at`) VALUES (75, 3, 1969, 237, '3019929.69', '2020-04-16 07:55:42', '2019-09-13 09:16:56');
INSERT INTO `cargo_profiles` (`cargo_id`, `cargo_type_id`, `weight`, `sizes`, `value`, `created_at`, `updated_at`) VALUES (76, 4, 7111, 99, '8844021.15', '2019-06-15 13:43:07', '2019-10-01 23:48:09');
INSERT INTO `cargo_profiles` (`cargo_id`, `cargo_type_id`, `weight`, `sizes`, `value`, `created_at`, `updated_at`) VALUES (77, 1, 2907, 719, '7598235.91', '2020-01-25 19:08:58', '2019-06-15 20:04:54');
INSERT INTO `cargo_profiles` (`cargo_id`, `cargo_type_id`, `weight`, `sizes`, `value`, `created_at`, `updated_at`) VALUES (78, 2, 8418, 126, '4241541.67', '2020-01-16 12:37:31', '2020-02-23 15:25:11');
INSERT INTO `cargo_profiles` (`cargo_id`, `cargo_type_id`, `weight`, `sizes`, `value`, `created_at`, `updated_at`) VALUES (79, 3, 3821, 174, '8704413.78', '2020-02-19 05:54:00', '2019-09-05 04:13:59');
INSERT INTO `cargo_profiles` (`cargo_id`, `cargo_type_id`, `weight`, `sizes`, `value`, `created_at`, `updated_at`) VALUES (80, 4, 991, 542, '8018221.24', '2020-01-30 01:08:26', '2019-12-23 19:56:44');
INSERT INTO `cargo_profiles` (`cargo_id`, `cargo_type_id`, `weight`, `sizes`, `value`, `created_at`, `updated_at`) VALUES (81, 1, 3362, 629, '3525884.92', '2019-07-23 16:10:26', '2019-09-28 17:18:47');
INSERT INTO `cargo_profiles` (`cargo_id`, `cargo_type_id`, `weight`, `sizes`, `value`, `created_at`, `updated_at`) VALUES (82, 2, 9361, 698, '5138987.75', '2019-12-03 12:08:26', '2019-10-30 07:13:00');
INSERT INTO `cargo_profiles` (`cargo_id`, `cargo_type_id`, `weight`, `sizes`, `value`, `created_at`, `updated_at`) VALUES (83, 3, 5447, 366, '8472534.26', '2020-01-13 10:20:12', '2020-05-26 09:49:43');
INSERT INTO `cargo_profiles` (`cargo_id`, `cargo_type_id`, `weight`, `sizes`, `value`, `created_at`, `updated_at`) VALUES (84, 4, 9059, 165, '4590935.71', '2020-03-21 21:56:07', '2019-06-27 23:48:20');
INSERT INTO `cargo_profiles` (`cargo_id`, `cargo_type_id`, `weight`, `sizes`, `value`, `created_at`, `updated_at`) VALUES (85, 1, 2039, 294, '6529163.61', '2019-08-02 00:34:03', '2019-11-05 19:15:54');
INSERT INTO `cargo_profiles` (`cargo_id`, `cargo_type_id`, `weight`, `sizes`, `value`, `created_at`, `updated_at`) VALUES (86, 2, 9737, 743, '2011296.01', '2019-07-28 07:36:20', '2020-04-22 08:29:16');
INSERT INTO `cargo_profiles` (`cargo_id`, `cargo_type_id`, `weight`, `sizes`, `value`, `created_at`, `updated_at`) VALUES (87, 3, 8475, 261, '1346460.69', '2019-09-22 08:20:45', '2019-12-03 10:26:12');
INSERT INTO `cargo_profiles` (`cargo_id`, `cargo_type_id`, `weight`, `sizes`, `value`, `created_at`, `updated_at`) VALUES (88, 4, 9121, 396, '5225183.63', '2020-04-15 12:12:15', '2019-09-19 07:03:01');
INSERT INTO `cargo_profiles` (`cargo_id`, `cargo_type_id`, `weight`, `sizes`, `value`, `created_at`, `updated_at`) VALUES (89, 1, 5144, 672, '8207895.27', '2020-02-29 20:41:47', '2019-08-10 10:10:14');
INSERT INTO `cargo_profiles` (`cargo_id`, `cargo_type_id`, `weight`, `sizes`, `value`, `created_at`, `updated_at`) VALUES (90, 2, 9036, 746, '8552180.28', '2019-10-17 05:40:53', '2020-04-24 12:19:00');
INSERT INTO `cargo_profiles` (`cargo_id`, `cargo_type_id`, `weight`, `sizes`, `value`, `created_at`, `updated_at`) VALUES (91, 3, 672, 248, '4040952.79', '2019-08-16 10:51:24', '2019-11-11 11:34:01');
INSERT INTO `cargo_profiles` (`cargo_id`, `cargo_type_id`, `weight`, `sizes`, `value`, `created_at`, `updated_at`) VALUES (92, 4, 8730, 148, '6490459.10', '2019-10-25 20:40:25', '2019-09-27 15:34:58');
INSERT INTO `cargo_profiles` (`cargo_id`, `cargo_type_id`, `weight`, `sizes`, `value`, `created_at`, `updated_at`) VALUES (93, 1, 8019, 189, '6605795.92', '2019-07-18 07:30:36', '2020-03-01 23:36:40');
INSERT INTO `cargo_profiles` (`cargo_id`, `cargo_type_id`, `weight`, `sizes`, `value`, `created_at`, `updated_at`) VALUES (94, 2, 6773, 434, '1864207.23', '2020-03-01 10:34:27', '2020-04-06 14:07:43');
INSERT INTO `cargo_profiles` (`cargo_id`, `cargo_type_id`, `weight`, `sizes`, `value`, `created_at`, `updated_at`) VALUES (95, 3, 5492, 654, '3710912.90', '2020-05-09 15:20:42', '2019-07-17 21:03:18');
INSERT INTO `cargo_profiles` (`cargo_id`, `cargo_type_id`, `weight`, `sizes`, `value`, `created_at`, `updated_at`) VALUES (96, 4, 8542, 904, '8188071.29', '2019-06-15 02:33:23', '2019-12-01 19:13:55');
INSERT INTO `cargo_profiles` (`cargo_id`, `cargo_type_id`, `weight`, `sizes`, `value`, `created_at`, `updated_at`) VALUES (97, 1, 9311, 700, '1616798.43', '2019-08-14 12:06:02', '2020-01-15 23:13:56');
INSERT INTO `cargo_profiles` (`cargo_id`, `cargo_type_id`, `weight`, `sizes`, `value`, `created_at`, `updated_at`) VALUES (98, 2, 5219, 882, '981208.08', '2019-12-20 19:06:49', '2019-07-21 01:00:00');
INSERT INTO `cargo_profiles` (`cargo_id`, `cargo_type_id`, `weight`, `sizes`, `value`, `created_at`, `updated_at`) VALUES (99, 3, 1356, 713, '4954472.95', '2019-10-14 08:48:24', '2019-09-27 05:17:48');
INSERT INTO `cargo_profiles` (`cargo_id`, `cargo_type_id`, `weight`, `sizes`, `value`, `created_at`, `updated_at`) VALUES (100, 4, 5427, 203, '2561700.13', '2019-08-22 18:57:53', '2020-05-09 18:37:32');
INSERT INTO `cargo_profiles` (`cargo_id`, `cargo_type_id`, `weight`, `sizes`, `value`, `created_at`, `updated_at`) VALUES (101, 1, 7951, 147, '97164.35', '2019-08-02 07:49:10', '2020-04-07 03:59:19');
INSERT INTO `cargo_profiles` (`cargo_id`, `cargo_type_id`, `weight`, `sizes`, `value`, `created_at`, `updated_at`) VALUES (102, 2, 4402, 99, '9795557.32', '2019-07-06 04:32:15', '2019-06-23 20:23:24');
INSERT INTO `cargo_profiles` (`cargo_id`, `cargo_type_id`, `weight`, `sizes`, `value`, `created_at`, `updated_at`) VALUES (103, 3, 9096, 941, '9691929.98', '2019-06-23 15:10:21', '2019-07-04 11:04:34');
INSERT INTO `cargo_profiles` (`cargo_id`, `cargo_type_id`, `weight`, `sizes`, `value`, `created_at`, `updated_at`) VALUES (104, 4, 1473, 857, '1187884.02', '2020-04-15 07:23:51', '2020-04-20 09:58:41');
INSERT INTO `cargo_profiles` (`cargo_id`, `cargo_type_id`, `weight`, `sizes`, `value`, `created_at`, `updated_at`) VALUES (105, 1, 9145, 99, '1564491.63', '2019-09-23 10:08:39', '2020-02-09 13:25:04');
INSERT INTO `cargo_profiles` (`cargo_id`, `cargo_type_id`, `weight`, `sizes`, `value`, `created_at`, `updated_at`) VALUES (106, 2, 2789, 383, '8137531.19', '2020-04-22 23:49:15', '2020-04-11 07:44:56');
INSERT INTO `cargo_profiles` (`cargo_id`, `cargo_type_id`, `weight`, `sizes`, `value`, `created_at`, `updated_at`) VALUES (107, 3, 6062, 419, '3820571.73', '2019-11-17 15:17:18', '2019-07-31 05:31:30');
INSERT INTO `cargo_profiles` (`cargo_id`, `cargo_type_id`, `weight`, `sizes`, `value`, `created_at`, `updated_at`) VALUES (108, 4, 5383, 621, '1781945.14', '2019-06-12 01:31:33', '2020-04-19 04:45:15');
INSERT INTO `cargo_profiles` (`cargo_id`, `cargo_type_id`, `weight`, `sizes`, `value`, `created_at`, `updated_at`) VALUES (109, 1, 352, 305, '8662393.40', '2019-11-20 16:10:45', '2019-06-14 11:14:54');
INSERT INTO `cargo_profiles` (`cargo_id`, `cargo_type_id`, `weight`, `sizes`, `value`, `created_at`, `updated_at`) VALUES (110, 2, 2877, 398, '2052094.08', '2019-12-10 20:55:18', '2019-10-02 21:17:55');
INSERT INTO `cargo_profiles` (`cargo_id`, `cargo_type_id`, `weight`, `sizes`, `value`, `created_at`, `updated_at`) VALUES (111, 3, 8382, 155, '1321177.67', '2019-11-04 03:02:06', '2020-04-12 14:00:36');
INSERT INTO `cargo_profiles` (`cargo_id`, `cargo_type_id`, `weight`, `sizes`, `value`, `created_at`, `updated_at`) VALUES (112, 4, 6597, 187, '5831464.37', '2019-09-01 21:34:38', '2019-07-28 01:09:06');
INSERT INTO `cargo_profiles` (`cargo_id`, `cargo_type_id`, `weight`, `sizes`, `value`, `created_at`, `updated_at`) VALUES (113, 1, 2607, 456, '8070106.33', '2019-08-21 23:54:51', '2019-08-09 03:41:28');
INSERT INTO `cargo_profiles` (`cargo_id`, `cargo_type_id`, `weight`, `sizes`, `value`, `created_at`, `updated_at`) VALUES (114, 2, 5681, 327, '1173475.15', '2019-09-09 06:20:00', '2019-10-26 03:39:52');
INSERT INTO `cargo_profiles` (`cargo_id`, `cargo_type_id`, `weight`, `sizes`, `value`, `created_at`, `updated_at`) VALUES (115, 3, 3064, 224, '8867547.75', '2019-07-02 04:18:28', '2019-12-17 03:29:33');
INSERT INTO `cargo_profiles` (`cargo_id`, `cargo_type_id`, `weight`, `sizes`, `value`, `created_at`, `updated_at`) VALUES (116, 4, 7112, 595, '9877565.89', '2020-03-24 18:53:08', '2020-05-05 16:06:45');
INSERT INTO `cargo_profiles` (`cargo_id`, `cargo_type_id`, `weight`, `sizes`, `value`, `created_at`, `updated_at`) VALUES (117, 1, 5699, 392, '8284408.01', '2019-06-16 00:28:02', '2020-01-07 01:05:09');
INSERT INTO `cargo_profiles` (`cargo_id`, `cargo_type_id`, `weight`, `sizes`, `value`, `created_at`, `updated_at`) VALUES (118, 2, 7680, 18, '3965146.96', '2019-12-14 06:17:28', '2019-08-30 20:58:58');
INSERT INTO `cargo_profiles` (`cargo_id`, `cargo_type_id`, `weight`, `sizes`, `value`, `created_at`, `updated_at`) VALUES (119, 3, 927, 75, '3422550.17', '2019-06-25 23:34:47', '2020-01-09 11:12:05');
INSERT INTO `cargo_profiles` (`cargo_id`, `cargo_type_id`, `weight`, `sizes`, `value`, `created_at`, `updated_at`) VALUES (120, 4, 6375, 110, '3880080.02', '2019-09-15 14:57:09', '2019-10-07 07:23:21');
INSERT INTO `cargo_profiles` (`cargo_id`, `cargo_type_id`, `weight`, `sizes`, `value`, `created_at`, `updated_at`) VALUES (121, 1, 150, 703, '3436078.61', '2019-11-17 21:38:14', '2020-02-04 05:17:02');
INSERT INTO `cargo_profiles` (`cargo_id`, `cargo_type_id`, `weight`, `sizes`, `value`, `created_at`, `updated_at`) VALUES (122, 2, 1824, 229, '6852354.84', '2019-12-01 05:04:29', '2020-02-01 05:49:49');
INSERT INTO `cargo_profiles` (`cargo_id`, `cargo_type_id`, `weight`, `sizes`, `value`, `created_at`, `updated_at`) VALUES (123, 3, 9628, 464, '1833864.96', '2020-02-01 22:09:54', '2019-07-30 21:43:34');
INSERT INTO `cargo_profiles` (`cargo_id`, `cargo_type_id`, `weight`, `sizes`, `value`, `created_at`, `updated_at`) VALUES (124, 4, 9341, 254, '1759808.25', '2020-03-07 22:34:25', '2019-12-09 14:22:50');
INSERT INTO `cargo_profiles` (`cargo_id`, `cargo_type_id`, `weight`, `sizes`, `value`, `created_at`, `updated_at`) VALUES (125, 1, 4115, 351, '3297176.47', '2019-09-15 17:04:49', '2020-02-09 03:57:44');
INSERT INTO `cargo_profiles` (`cargo_id`, `cargo_type_id`, `weight`, `sizes`, `value`, `created_at`, `updated_at`) VALUES (126, 2, 188, 405, '3445893.33', '2019-07-06 23:26:18', '2019-11-12 06:54:51');
INSERT INTO `cargo_profiles` (`cargo_id`, `cargo_type_id`, `weight`, `sizes`, `value`, `created_at`, `updated_at`) VALUES (127, 3, 6882, 804, '6739277.79', '2019-07-17 13:23:13', '2019-10-11 08:26:58');
INSERT INTO `cargo_profiles` (`cargo_id`, `cargo_type_id`, `weight`, `sizes`, `value`, `created_at`, `updated_at`) VALUES (128, 4, 8619, 373, '769045.40', '2020-03-20 05:04:05', '2019-07-31 11:02:41');
INSERT INTO `cargo_profiles` (`cargo_id`, `cargo_type_id`, `weight`, `sizes`, `value`, `created_at`, `updated_at`) VALUES (129, 1, 9313, 829, '8734557.85', '2019-08-14 16:43:38', '2020-04-03 05:39:39');
INSERT INTO `cargo_profiles` (`cargo_id`, `cargo_type_id`, `weight`, `sizes`, `value`, `created_at`, `updated_at`) VALUES (130, 2, 1036, 303, '4760394.06', '2020-02-19 06:38:28', '2019-06-11 01:37:14');
INSERT INTO `cargo_profiles` (`cargo_id`, `cargo_type_id`, `weight`, `sizes`, `value`, `created_at`, `updated_at`) VALUES (131, 3, 5670, 517, '9267351.55', '2020-04-05 19:06:30', '2019-10-11 10:34:03');
INSERT INTO `cargo_profiles` (`cargo_id`, `cargo_type_id`, `weight`, `sizes`, `value`, `created_at`, `updated_at`) VALUES (132, 4, 8098, 931, '8565280.84', '2019-09-24 20:09:45', '2020-01-17 10:07:28');
INSERT INTO `cargo_profiles` (`cargo_id`, `cargo_type_id`, `weight`, `sizes`, `value`, `created_at`, `updated_at`) VALUES (133, 1, 4997, 674, '7565940.93', '2019-12-07 09:41:24', '2019-08-29 21:50:56');
INSERT INTO `cargo_profiles` (`cargo_id`, `cargo_type_id`, `weight`, `sizes`, `value`, `created_at`, `updated_at`) VALUES (134, 2, 469, 548, '6955125.81', '2019-12-16 22:08:35', '2020-04-16 04:58:09');
INSERT INTO `cargo_profiles` (`cargo_id`, `cargo_type_id`, `weight`, `sizes`, `value`, `created_at`, `updated_at`) VALUES (135, 3, 2856, 491, '9041668.29', '2020-04-18 14:03:42', '2020-01-09 02:31:09');
INSERT INTO `cargo_profiles` (`cargo_id`, `cargo_type_id`, `weight`, `sizes`, `value`, `created_at`, `updated_at`) VALUES (136, 4, 7776, 90, '4668600.67', '2019-10-30 21:06:50', '2019-07-06 03:56:55');
INSERT INTO `cargo_profiles` (`cargo_id`, `cargo_type_id`, `weight`, `sizes`, `value`, `created_at`, `updated_at`) VALUES (137, 1, 9687, 255, '731365.41', '2020-02-08 22:52:45', '2019-07-11 01:50:15');
INSERT INTO `cargo_profiles` (`cargo_id`, `cargo_type_id`, `weight`, `sizes`, `value`, `created_at`, `updated_at`) VALUES (138, 2, 1061, 414, '2322919.70', '2019-08-20 22:02:44', '2020-02-02 04:56:09');
INSERT INTO `cargo_profiles` (`cargo_id`, `cargo_type_id`, `weight`, `sizes`, `value`, `created_at`, `updated_at`) VALUES (139, 3, 889, 560, '215737.62', '2020-01-29 22:48:36', '2020-04-28 02:58:11');
INSERT INTO `cargo_profiles` (`cargo_id`, `cargo_type_id`, `weight`, `sizes`, `value`, `created_at`, `updated_at`) VALUES (140, 4, 8161, 864, '1582728.98', '2020-01-16 17:31:05', '2020-03-02 01:06:25');
INSERT INTO `cargo_profiles` (`cargo_id`, `cargo_type_id`, `weight`, `sizes`, `value`, `created_at`, `updated_at`) VALUES (141, 1, 7407, 735, '5327250.69', '2019-09-29 18:37:55', '2019-09-07 08:28:03');
INSERT INTO `cargo_profiles` (`cargo_id`, `cargo_type_id`, `weight`, `sizes`, `value`, `created_at`, `updated_at`) VALUES (142, 2, 2657, 733, '4260654.18', '2020-02-03 02:20:09', '2019-08-30 21:29:42');
INSERT INTO `cargo_profiles` (`cargo_id`, `cargo_type_id`, `weight`, `sizes`, `value`, `created_at`, `updated_at`) VALUES (143, 3, 7908, 372, '195728.14', '2019-10-29 16:33:45', '2019-11-18 23:35:40');
INSERT INTO `cargo_profiles` (`cargo_id`, `cargo_type_id`, `weight`, `sizes`, `value`, `created_at`, `updated_at`) VALUES (144, 4, 7777, 183, '8971615.54', '2020-03-18 11:35:39', '2019-09-30 23:22:00');
INSERT INTO `cargo_profiles` (`cargo_id`, `cargo_type_id`, `weight`, `sizes`, `value`, `created_at`, `updated_at`) VALUES (145, 1, 9901, 751, '491463.50', '2019-07-29 01:00:04', '2019-08-14 19:06:00');
INSERT INTO `cargo_profiles` (`cargo_id`, `cargo_type_id`, `weight`, `sizes`, `value`, `created_at`, `updated_at`) VALUES (146, 2, 8416, 310, '7916364.78', '2019-12-12 11:17:47', '2020-03-02 21:54:05');
INSERT INTO `cargo_profiles` (`cargo_id`, `cargo_type_id`, `weight`, `sizes`, `value`, `created_at`, `updated_at`) VALUES (147, 3, 5563, 991, '8193310.48', '2020-01-19 03:26:40', '2019-10-25 21:40:10');
INSERT INTO `cargo_profiles` (`cargo_id`, `cargo_type_id`, `weight`, `sizes`, `value`, `created_at`, `updated_at`) VALUES (148, 4, 9163, 27, '3595692.76', '2020-05-04 17:45:28', '2020-02-25 22:58:55');
INSERT INTO `cargo_profiles` (`cargo_id`, `cargo_type_id`, `weight`, `sizes`, `value`, `created_at`, `updated_at`) VALUES (149, 1, 8716, 916, '5343332.72', '2020-01-10 14:20:29', '2019-08-01 02:44:36');
INSERT INTO `cargo_profiles` (`cargo_id`, `cargo_type_id`, `weight`, `sizes`, `value`, `created_at`, `updated_at`) VALUES (150, 2, 6225, 531, '4914467.19', '2019-09-08 16:14:51', '2020-02-17 09:57:04');

INSERT INTO `offices` (`id`, `name`, `city_id`, `address`, `phone`, `email`, `created_at`, `updated_at`) VALUES (1, 'Corkery-Littel', 1, '66490 Bartell Forge Apt. 355', '(632)907-6720', 'wpurdy@example.net', '2019-11-14 11:28:08', '2020-05-18 10:45:12');
INSERT INTO `offices` (`id`, `name`, `city_id`, `address`, `phone`, `email`, `created_at`, `updated_at`) VALUES (2, 'Deckow-Barrows', 2, '081 Edwardo Heights Apt. 062', '+45(6)4506971962', 'tromaguera@example.com', '2019-09-10 19:57:44', '2019-12-02 12:33:11');
INSERT INTO `offices` (`id`, `name`, `city_id`, `address`, `phone`, `email`, `created_at`, `updated_at`) VALUES (3, 'Marks and Sons', 3, '543 Hadley Manors Apt. 741', '1-442-517-1671', 'llangworth@example.org', '2020-03-29 11:29:10', '2020-04-21 20:25:27');
INSERT INTO `offices` (`id`, `name`, `city_id`, `address`, `phone`, `email`, `created_at`, `updated_at`) VALUES (4, 'Haley-Hermiston', 4, '00869 Krajcik Stream Suite 344', '1-555-452-2665x540', 'mervin.schmitt@example.net', '2019-09-01 05:38:09', '2019-11-24 04:05:05');
INSERT INTO `offices` (`id`, `name`, `city_id`, `address`, `phone`, `email`, `created_at`, `updated_at`) VALUES (5, 'Powlowski PLC', 5, '371 Dasia Cape Apt. 937', '(728)320-7904x29652', 'ortiz.andres@example.net', '2020-03-24 09:09:40', '2020-03-03 03:34:01');
INSERT INTO `offices` (`id`, `name`, `city_id`, `address`, `phone`, `email`, `created_at`, `updated_at`) VALUES (6, 'Hirthe-Bergnaum', 6, '8050 Kreiger Loop', '414.502.1479x529', 'sharon.jakubowski@example.com', '2020-04-15 06:41:22', '2019-10-17 12:30:41');
INSERT INTO `offices` (`id`, `name`, `city_id`, `address`, `phone`, `email`, `created_at`, `updated_at`) VALUES (7, 'Homenick, Sawayn and Swift', 7, '572 Ruth Canyon Apt. 101', '(616)526-3542', 'blittle@example.com', '2019-06-10 13:39:05', '2020-02-24 11:53:42');
INSERT INTO `offices` (`id`, `name`, `city_id`, `address`, `phone`, `email`, `created_at`, `updated_at`) VALUES (8, 'Sauer Inc', 8, '6455 Duane Rapids', '(636)903-0187', 'farrell.jordon@example.com', '2019-07-30 19:08:55', '2020-04-29 00:12:54');
INSERT INTO `offices` (`id`, `name`, `city_id`, `address`, `phone`, `email`, `created_at`, `updated_at`) VALUES (9, 'Ruecker, Treutel and Satterfield', 9, '54849 Kessler Bridge Suite 661', '234-754-6801x14809', 'huels.issac@example.net', '2019-07-02 08:27:46', '2019-07-02 17:23:31');
INSERT INTO `offices` (`id`, `name`, `city_id`, `address`, `phone`, `email`, `created_at`, `updated_at`) VALUES (10, 'Maggio PLC', 10, '32477 Reinger Land', '+15(9)5341896827', 'omari38@example.org', '2019-08-23 18:31:37', '2020-01-20 09:47:07');
INSERT INTO `offices` (`id`, `name`, `city_id`, `address`, `phone`, `email`, `created_at`, `updated_at`) VALUES (11, 'Champlin, Ritchie and Jacobson', 11, '668 Antonia Locks', '(041)078-4594', 'bartell.rosemarie@example.com', '2020-05-30 09:13:45', '2020-01-30 03:59:59');
INSERT INTO `offices` (`id`, `name`, `city_id`, `address`, `phone`, `email`, `created_at`, `updated_at`) VALUES (12, 'Abernathy, Gaylord and Murazik', 12, '25006 Beaulah Streets', '327.032.5229', 'ressie.ziemann@example.com', '2020-04-24 09:36:52', '2020-04-22 21:38:12');
INSERT INTO `offices` (`id`, `name`, `city_id`, `address`, `phone`, `email`, `created_at`, `updated_at`) VALUES (13, 'Gorczany Ltd', 13, '4599 Jameson Forge Apt. 680', '1-755-345-4099x8602', 'yesenia07@example.com', '2019-12-13 13:02:06', '2019-10-03 13:24:58');
INSERT INTO `offices` (`id`, `name`, `city_id`, `address`, `phone`, `email`, `created_at`, `updated_at`) VALUES (14, 'Gutkowski, Hettinger and Pacocha', 14, '874 Padberg Burg', '374-878-3658x29308', 'angeline.nolan@example.org', '2019-07-30 11:20:00', '2019-10-16 04:41:57');
INSERT INTO `offices` (`id`, `name`, `city_id`, `address`, `phone`, `email`, `created_at`, `updated_at`) VALUES (15, 'Sanford, O\'Hara and Collins', 15, '76433 Runolfsson Wall Suite 477', '(472)640-2111', 'schaefer.kenna@example.com', '2019-08-16 21:06:05', '2019-09-24 02:24:40');
INSERT INTO `offices` (`id`, `name`, `city_id`, `address`, `phone`, `email`, `created_at`, `updated_at`) VALUES (16, 'Zboncak-Senger', 16, '614 Batz Curve Suite 107', '1-678-899-2462', 'bonita55@example.net', '2019-12-16 22:44:33', '2020-02-10 02:11:11');
INSERT INTO `offices` (`id`, `name`, `city_id`, `address`, `phone`, `email`, `created_at`, `updated_at`) VALUES (17, 'Kovacek-Kuhn', 17, '664 Friesen Fall', '(046)276-4081x69462', 'eullrich@example.net', '2020-03-08 05:12:13', '2019-09-09 17:58:40');
INSERT INTO `offices` (`id`, `name`, `city_id`, `address`, `phone`, `email`, `created_at`, `updated_at`) VALUES (18, 'Schultz Ltd', 18, '8811 Fritsch Track Suite 923', '643.083.4605x6633', 'bergnaum.maxwell@example.net', '2019-10-31 14:53:04', '2019-12-30 09:10:29');
INSERT INTO `offices` (`id`, `name`, `city_id`, `address`, `phone`, `email`, `created_at`, `updated_at`) VALUES (19, 'Lindgren-Wilkinson', 19, '3001 Vandervort Coves Suite 784', '(508)292-0667', 'kbechtelar@example.org', '2020-03-17 12:40:30', '2019-10-06 10:58:50');
INSERT INTO `offices` (`id`, `name`, `city_id`, `address`, `phone`, `email`, `created_at`, `updated_at`) VALUES (20, 'Nienow Group', 20, '3036 Scot Fields', '+07(4)0499674606', 'ruthe35@example.net', '2019-06-21 23:32:50', '2019-11-04 07:48:03');
INSERT INTO `offices` (`id`, `name`, `city_id`, `address`, `phone`, `email`, `created_at`, `updated_at`) VALUES (21, 'Haag, Luettgen and Zulauf', 1, '620 Franecki Circles', '702-570-8741x794', 'brian35@example.org', '2020-02-16 13:24:44', '2019-06-30 04:00:56');
INSERT INTO `offices` (`id`, `name`, `city_id`, `address`, `phone`, `email`, `created_at`, `updated_at`) VALUES (22, 'Dooley, Berge and Feeney', 2, '05916 Araceli Track Apt. 785', '342-442-2963', 'schowalter.jaylen@example.org', '2019-11-24 04:58:14', '2019-10-22 02:56:44');
INSERT INTO `offices` (`id`, `name`, `city_id`, `address`, `phone`, `email`, `created_at`, `updated_at`) VALUES (23, 'Olson Ltd', 3, '6683 Zemlak Lights Suite 693', '866-239-8205x32386', 'americo.fadel@example.org', '2019-07-30 23:43:04', '2019-10-02 23:19:11');
INSERT INTO `offices` (`id`, `name`, `city_id`, `address`, `phone`, `email`, `created_at`, `updated_at`) VALUES (24, 'Cummings, Bode and Murphy', 4, '0109 Effertz Greens', '302.687.5287x7172', 'agibson@example.net', '2020-01-30 11:55:43', '2019-11-26 14:58:50');
INSERT INTO `offices` (`id`, `name`, `city_id`, `address`, `phone`, `email`, `created_at`, `updated_at`) VALUES (25, 'Altenwerth-Terry', 5, '478 Virgil Station Suite 627', '614-628-3738', 'tharvey@example.com', '2020-05-01 16:34:10', '2020-02-24 18:00:06');
INSERT INTO `offices` (`id`, `name`, `city_id`, `address`, `phone`, `email`, `created_at`, `updated_at`) VALUES (26, 'Rogahn Ltd', 6, '51507 Lindgren Stravenue Apt. 203', '202-670-2922x556', 'senger.devan@example.net', '2019-08-13 03:59:36', '2019-11-18 12:53:37');
INSERT INTO `offices` (`id`, `name`, `city_id`, `address`, `phone`, `email`, `created_at`, `updated_at`) VALUES (27, 'Pollich, Welch and Wisoky', 7, '331 Danielle Island', '04008040532', 'cristal.christiansen@example.net', '2019-12-19 18:09:12', '2020-05-01 20:55:44');
INSERT INTO `offices` (`id`, `name`, `city_id`, `address`, `phone`, `email`, `created_at`, `updated_at`) VALUES (28, 'Torp PLC', 8, '1004 Lola Mountains', '1-453-963-9705', 'romaguera.jeffry@example.net', '2020-05-18 12:50:29', '2019-07-18 14:50:49');
INSERT INTO `offices` (`id`, `name`, `city_id`, `address`, `phone`, `email`, `created_at`, `updated_at`) VALUES (29, 'Hills-Carroll', 9, '7563 Torey Heights Suite 875', '844.735.7781x6763', 'blanda.branson@example.net', '2019-09-17 13:56:53', '2019-06-19 10:12:55');
INSERT INTO `offices` (`id`, `name`, `city_id`, `address`, `phone`, `email`, `created_at`, `updated_at`) VALUES (30, 'Lowe-Halvorson', 10, '7823 Okuneva Overpass', '820-573-8792x487', 'dina.grant@example.com', '2019-10-31 06:14:18', '2020-02-18 19:24:27');

INSERT INTO `staff` (`id`, `first_name`, `last_name`, `office_id`, `phone`, `email`, `created_at`, `updated_at`) VALUES (1, 'Makenzie', 'Cassin', 1, '(014)456-1976x228', 'naomie73@example.org', '2019-10-05 13:46:36', '2019-12-26 10:20:12');
INSERT INTO `staff` (`id`, `first_name`, `last_name`, `office_id`, `phone`, `email`, `created_at`, `updated_at`) VALUES (2, 'Scotty', 'Lemke', 2, '278.322.5192', 'hudson.lillian@example.org', '2020-02-13 15:22:44', '2020-04-29 00:10:54');
INSERT INTO `staff` (`id`, `first_name`, `last_name`, `office_id`, `phone`, `email`, `created_at`, `updated_at`) VALUES (3, 'Eulah', 'Muller', 3, '+84(4)1476502631', 'elnora66@example.com', '2019-11-03 09:46:34', '2020-03-17 01:23:03');
INSERT INTO `staff` (`id`, `first_name`, `last_name`, `office_id`, `phone`, `email`, `created_at`, `updated_at`) VALUES (4, 'Tad', 'Rippin', 4, '+64(3)8021263801', 'boyle.arnold@example.org', '2019-06-17 09:46:25', '2019-06-14 14:38:27');
INSERT INTO `staff` (`id`, `first_name`, `last_name`, `office_id`, `phone`, `email`, `created_at`, `updated_at`) VALUES (5, 'Aileen', 'Ward', 5, '438-446-0336x76637', 'gabriel.schumm@example.org', '2019-07-15 19:41:44', '2019-12-30 12:41:43');
INSERT INTO `staff` (`id`, `first_name`, `last_name`, `office_id`, `phone`, `email`, `created_at`, `updated_at`) VALUES (6, 'Neil', 'Wilkinson', 6, '601-660-7763x190', 'flossie30@example.net', '2020-01-13 21:45:54', '2020-02-23 15:27:48');
INSERT INTO `staff` (`id`, `first_name`, `last_name`, `office_id`, `phone`, `email`, `created_at`, `updated_at`) VALUES (7, 'Erick', 'Thiel', 7, '1-458-201-8436', 'nlarson@example.org', '2019-07-24 01:52:34', '2020-05-03 11:34:25');
INSERT INTO `staff` (`id`, `first_name`, `last_name`, `office_id`, `phone`, `email`, `created_at`, `updated_at`) VALUES (8, 'Antwon', 'Conroy', 8, '838.217.2810', 'xaufderhar@example.net', '2020-01-04 05:21:17', '2019-10-03 15:32:03');
INSERT INTO `staff` (`id`, `first_name`, `last_name`, `office_id`, `phone`, `email`, `created_at`, `updated_at`) VALUES (9, 'Dorothea', 'Orn', 9, '386.778.2150', 'gutmann.adelbert@example.net', '2019-08-22 10:20:09', '2020-03-02 09:43:03');
INSERT INTO `staff` (`id`, `first_name`, `last_name`, `office_id`, `phone`, `email`, `created_at`, `updated_at`) VALUES (10, 'Fae', 'Green', 10, '258.764.5563x24942', 'aurore.vonrueden@example.org', '2019-12-12 11:07:34', '2020-02-13 10:01:29');
INSERT INTO `staff` (`id`, `first_name`, `last_name`, `office_id`, `phone`, `email`, `created_at`, `updated_at`) VALUES (11, 'Ali', 'Nolan', 11, '(487)496-4082x49722', 'nina.pfannerstill@example.com', '2019-12-23 07:08:33', '2020-02-04 03:56:49');
INSERT INTO `staff` (`id`, `first_name`, `last_name`, `office_id`, `phone`, `email`, `created_at`, `updated_at`) VALUES (12, 'Davin', 'Beahan', 12, '656-893-3106', 'madie.altenwerth@example.org', '2020-04-07 12:19:47', '2020-04-11 05:39:04');
INSERT INTO `staff` (`id`, `first_name`, `last_name`, `office_id`, `phone`, `email`, `created_at`, `updated_at`) VALUES (13, 'Lia', 'Denesik', 13, '(277)469-3132x583', 'tokuneva@example.net', '2019-07-24 03:45:20', '2019-11-05 04:46:10');
INSERT INTO `staff` (`id`, `first_name`, `last_name`, `office_id`, `phone`, `email`, `created_at`, `updated_at`) VALUES (14, 'Vincent', 'Collins', 14, '1-091-595-9080', 'rolando06@example.net', '2020-03-31 15:15:38', '2020-04-09 08:29:27');
INSERT INTO `staff` (`id`, `first_name`, `last_name`, `office_id`, `phone`, `email`, `created_at`, `updated_at`) VALUES (15, 'Marlee', 'Labadie', 15, '408.736.4869', 'emilia.price@example.net', '2019-08-05 02:46:32', '2019-06-30 01:13:43');
INSERT INTO `staff` (`id`, `first_name`, `last_name`, `office_id`, `phone`, `email`, `created_at`, `updated_at`) VALUES (16, 'Logan', 'Murazik', 16, '(356)081-4270x9018', 'brittany86@example.org', '2019-06-20 12:55:37', '2020-02-27 08:57:01');
INSERT INTO `staff` (`id`, `first_name`, `last_name`, `office_id`, `phone`, `email`, `created_at`, `updated_at`) VALUES (17, 'Christina', 'Heathcote', 17, '441-597-8722x77657', 'nharber@example.com', '2020-04-24 13:36:54', '2020-03-01 18:41:13');
INSERT INTO `staff` (`id`, `first_name`, `last_name`, `office_id`, `phone`, `email`, `created_at`, `updated_at`) VALUES (18, 'Lexus', 'Bogan', 18, '(570)972-9553x156', 'larkin.edward@example.org', '2020-02-09 03:33:48', '2019-10-21 21:50:27');
INSERT INTO `staff` (`id`, `first_name`, `last_name`, `office_id`, `phone`, `email`, `created_at`, `updated_at`) VALUES (19, 'Jared', 'Dickens', 19, '270-672-8838x5193', 'hahn.vaughn@example.net', '2020-01-24 21:49:34', '2020-02-21 09:42:13');
INSERT INTO `staff` (`id`, `first_name`, `last_name`, `office_id`, `phone`, `email`, `created_at`, `updated_at`) VALUES (20, 'Kaleb', 'Goyette', 20, '(571)299-8881x04507', 'xvandervort@example.org', '2020-02-17 19:10:59', '2020-04-20 11:02:16');
INSERT INTO `staff` (`id`, `first_name`, `last_name`, `office_id`, `phone`, `email`, `created_at`, `updated_at`) VALUES (21, 'Oren', 'Hyatt', 21, '113-740-3229x4352', 'elmore79@example.com', '2019-09-06 23:11:48', '2019-07-28 21:27:16');
INSERT INTO `staff` (`id`, `first_name`, `last_name`, `office_id`, `phone`, `email`, `created_at`, `updated_at`) VALUES (22, 'Demond', 'Quigley', 22, '1-682-671-1630', 'clotilde73@example.org', '2020-04-29 13:23:35', '2019-11-04 21:59:54');
INSERT INTO `staff` (`id`, `first_name`, `last_name`, `office_id`, `phone`, `email`, `created_at`, `updated_at`) VALUES (23, 'Curt', 'O\'Connell', 23, '(012)980-0204x1358', 'fay.forest@example.net', '2019-07-24 08:46:39', '2020-05-05 05:53:19');
INSERT INTO `staff` (`id`, `first_name`, `last_name`, `office_id`, `phone`, `email`, `created_at`, `updated_at`) VALUES (24, 'Lorna', 'Paucek', 24, '(595)969-8084x975', 'xsauer@example.com', '2020-04-25 16:21:39', '2020-04-24 09:48:50');
INSERT INTO `staff` (`id`, `first_name`, `last_name`, `office_id`, `phone`, `email`, `created_at`, `updated_at`) VALUES (25, 'Brannon', 'Conn', 25, '(167)770-1085x758', 'delilah.fadel@example.net', '2019-06-04 12:38:30', '2020-05-01 06:13:01');
INSERT INTO `staff` (`id`, `first_name`, `last_name`, `office_id`, `phone`, `email`, `created_at`, `updated_at`) VALUES (26, 'Werner', 'Zieme', 26, '343-774-4756x7037', 'mariah56@example.net', '2020-01-27 19:14:22', '2020-05-31 06:58:06');
INSERT INTO `staff` (`id`, `first_name`, `last_name`, `office_id`, `phone`, `email`, `created_at`, `updated_at`) VALUES (27, 'Nikolas', 'Cummings', 27, '394-006-4276x01885', 'gardner.murphy@example.com', '2019-08-08 10:36:55', '2019-09-29 11:13:26');
INSERT INTO `staff` (`id`, `first_name`, `last_name`, `office_id`, `phone`, `email`, `created_at`, `updated_at`) VALUES (28, 'Dashawn', 'Jerde', 28, '253-145-3115x60165', 'fstoltenberg@example.com', '2019-08-08 16:31:09', '2020-01-31 00:46:14');
INSERT INTO `staff` (`id`, `first_name`, `last_name`, `office_id`, `phone`, `email`, `created_at`, `updated_at`) VALUES (29, 'General', 'Jast', 29, '(003)461-2665x6721', 'regan.harris@example.com', '2020-02-06 02:36:41', '2020-01-30 01:05:12');
INSERT INTO `staff` (`id`, `first_name`, `last_name`, `office_id`, `phone`, `email`, `created_at`, `updated_at`) VALUES (30, 'Leila', 'Wunsch', 30, '1-889-839-4928x399', 'schoen.malcolm@example.com', '2020-01-26 13:55:48', '2019-09-26 11:31:47');
INSERT INTO `staff` (`id`, `first_name`, `last_name`, `office_id`, `phone`, `email`, `created_at`, `updated_at`) VALUES (31, 'Amani', 'Gerhold', 1, '09124526774', 'melisa98@example.org', '2020-04-26 17:09:22', '2019-11-04 17:20:53');
INSERT INTO `staff` (`id`, `first_name`, `last_name`, `office_id`, `phone`, `email`, `created_at`, `updated_at`) VALUES (32, 'Mitchel', 'Franecki', 2, '00344336670', 'maxime58@example.com', '2019-08-20 23:30:51', '2019-08-09 01:46:58');
INSERT INTO `staff` (`id`, `first_name`, `last_name`, `office_id`, `phone`, `email`, `created_at`, `updated_at`) VALUES (33, 'Ettie', 'Treutel', 3, '1-426-650-7080x8120', 'dulce.dare@example.com', '2020-03-03 15:39:45', '2019-10-09 06:18:45');
INSERT INTO `staff` (`id`, `first_name`, `last_name`, `office_id`, `phone`, `email`, `created_at`, `updated_at`) VALUES (34, 'Mason', 'Bernhard', 4, '00415898428', 'nikolaus.alexandra@example.org', '2019-06-27 10:13:26', '2019-07-25 08:51:49');
INSERT INTO `staff` (`id`, `first_name`, `last_name`, `office_id`, `phone`, `email`, `created_at`, `updated_at`) VALUES (35, 'Gianni', 'Von', 5, '+84(4)3414597199', 'madison14@example.net', '2019-10-28 18:05:32', '2019-06-17 11:32:02');
INSERT INTO `staff` (`id`, `first_name`, `last_name`, `office_id`, `phone`, `email`, `created_at`, `updated_at`) VALUES (36, 'Abelardo', 'Rowe', 6, '+34(3)2812967047', 'walker.maynard@example.com', '2019-06-10 23:21:27', '2019-06-04 11:06:48');
INSERT INTO `staff` (`id`, `first_name`, `last_name`, `office_id`, `phone`, `email`, `created_at`, `updated_at`) VALUES (37, 'Camila', 'Greenfelder', 7, '(307)841-8273x4263', 'cleo.moore@example.com', '2020-03-25 07:12:07', '2020-02-08 14:29:38');
INSERT INTO `staff` (`id`, `first_name`, `last_name`, `office_id`, `phone`, `email`, `created_at`, `updated_at`) VALUES (38, 'Beatrice', 'Rau', 8, '684.498.4970x3784', 'sprice@example.net', '2019-12-17 07:07:27', '2019-09-08 08:49:23');
INSERT INTO `staff` (`id`, `first_name`, `last_name`, `office_id`, `phone`, `email`, `created_at`, `updated_at`) VALUES (39, 'Lawrence', 'Harvey', 9, '294-130-2578x896', 'ichamplin@example.net', '2020-02-09 20:19:58', '2019-07-20 10:00:18');
INSERT INTO `staff` (`id`, `first_name`, `last_name`, `office_id`, `phone`, `email`, `created_at`, `updated_at`) VALUES (40, 'Alyson', 'Strosin', 10, '624.371.4060x243', 'lfeil@example.org', '2020-02-20 11:37:59', '2019-10-27 02:19:32');
INSERT INTO `staff` (`id`, `first_name`, `last_name`, `office_id`, `phone`, `email`, `created_at`, `updated_at`) VALUES (41, 'Danial', 'Nienow', 11, '623.756.3222x902', 'althea61@example.org', '2019-09-05 15:22:40', '2019-09-27 08:49:32');
INSERT INTO `staff` (`id`, `first_name`, `last_name`, `office_id`, `phone`, `email`, `created_at`, `updated_at`) VALUES (42, 'Trever', 'Heller', 12, '+59(0)0540150421', 'wallace07@example.com', '2019-11-01 12:05:31', '2019-06-23 20:10:05');
INSERT INTO `staff` (`id`, `first_name`, `last_name`, `office_id`, `phone`, `email`, `created_at`, `updated_at`) VALUES (43, 'River', 'Schroeder', 13, '(534)657-7531x60323', 'msanford@example.org', '2019-08-29 20:54:38', '2020-02-26 17:09:45');
INSERT INTO `staff` (`id`, `first_name`, `last_name`, `office_id`, `phone`, `email`, `created_at`, `updated_at`) VALUES (44, 'Martine', 'Ebert', 14, '618.664.5640', 'emilia39@example.com', '2020-02-15 13:19:27', '2019-08-18 00:13:03');
INSERT INTO `staff` (`id`, `first_name`, `last_name`, `office_id`, `phone`, `email`, `created_at`, `updated_at`) VALUES (45, 'Isaiah', 'Carter', 15, '942.001.6224', 'bgottlieb@example.org', '2019-11-19 01:51:43', '2020-04-22 19:25:02');
INSERT INTO `staff` (`id`, `first_name`, `last_name`, `office_id`, `phone`, `email`, `created_at`, `updated_at`) VALUES (46, 'Dessie', 'Haag', 16, '(277)963-1024x263', 'ferne71@example.com', '2020-04-01 12:01:05', '2020-03-22 05:05:57');
INSERT INTO `staff` (`id`, `first_name`, `last_name`, `office_id`, `phone`, `email`, `created_at`, `updated_at`) VALUES (47, 'Stella', 'Reinger', 17, '359-362-0610x901', 'rutherford.raphael@example.org', '2020-02-27 00:19:45', '2020-05-25 02:55:00');
INSERT INTO `staff` (`id`, `first_name`, `last_name`, `office_id`, `phone`, `email`, `created_at`, `updated_at`) VALUES (48, 'Clair', 'McKenzie', 18, '(328)392-0635x70540', 'iortiz@example.com', '2019-10-06 19:47:43', '2020-02-23 14:45:27');
INSERT INTO `staff` (`id`, `first_name`, `last_name`, `office_id`, `phone`, `email`, `created_at`, `updated_at`) VALUES (49, 'Ibrahim', 'Runte', 19, '+85(7)2433672246', 'odessa.larkin@example.com', '2020-02-27 03:30:52', '2019-07-10 12:50:14');
INSERT INTO `staff` (`id`, `first_name`, `last_name`, `office_id`, `phone`, `email`, `created_at`, `updated_at`) VALUES (50, 'Lucas', 'White', 20, '130.139.1544x51329', 'fadel.ambrose@example.net', '2019-09-05 16:59:27', '2019-12-12 20:57:57');

INSERT INTO `complaints` (`id`, `user_id`, `order_id`, `head`, `body`, `accepted_by`, `closed_by`, `created_at`, `updated_at`) VALUES (1, 1, 1, 'Vel itaque et ea est architecto quaerat est.', 'Similique labore quam incidunt illo tempora quisquam. Commodi fugit culpa qui ut. Natus hic architecto dolor rerum omnis.', 1, 1, '2019-06-10 12:39:03', '2019-06-14 00:25:39');
INSERT INTO `complaints` (`id`, `user_id`, `order_id`, `head`, `body`, `accepted_by`, `closed_by`, `created_at`, `updated_at`) VALUES (2, 2, 2, 'Ex praesentium suscipit incidunt.', 'Qui possimus consequatur debitis et ratione quasi. Nobis sit eum delectus aut. Aut nulla ad perferendis quia corporis velit eaque. Quo officia illum illum aliquid adipisci.', 2, 2, '2019-06-23 22:46:45', '2019-10-29 09:26:20');
INSERT INTO `complaints` (`id`, `user_id`, `order_id`, `head`, `body`, `accepted_by`, `closed_by`, `created_at`, `updated_at`) VALUES (3, 3, 3, 'Amet optio nam quas totam et quis autem.', 'Aut ad officia tenetur aspernatur ea quibusdam. In est odio ut nihil sit.', 3, 3, '2020-05-17 09:54:17', '2019-09-02 23:09:08');
INSERT INTO `complaints` (`id`, `user_id`, `order_id`, `head`, `body`, `accepted_by`, `closed_by`, `created_at`, `updated_at`) VALUES (4, 4, 4, 'Adipisci quo incidunt non iste commodi consectetur fuga.', 'Vitae in neque dolor autem. Nam debitis ducimus dignissimos voluptatem.', 4, 4, '2020-01-18 03:46:43', '2019-12-03 02:02:24');
INSERT INTO `complaints` (`id`, `user_id`, `order_id`, `head`, `body`, `accepted_by`, `closed_by`, `created_at`, `updated_at`) VALUES (5, 5, 5, 'Itaque aliquam quia eaque nihil.', 'Laudantium ut qui similique corporis omnis. Eveniet praesentium illo accusantium voluptatibus sit quasi. Quis eos accusantium non aut voluptate et at omnis.', 5, 5, '2020-02-18 07:16:35', '2019-10-02 00:18:45');
INSERT INTO `complaints` (`id`, `user_id`, `order_id`, `head`, `body`, `accepted_by`, `closed_by`, `created_at`, `updated_at`) VALUES (6, 6, 6, 'Mollitia vitae necessitatibus incidunt velit.', 'Nulla quasi veritatis sed fugiat tempora natus laudantium. Voluptas eius sed expedita suscipit. Rerum dolore harum fuga omnis tempora. Et est neque odit quis consequatur.', 6, 6, '2020-05-14 19:31:42', '2019-10-12 09:18:49');
INSERT INTO `complaints` (`id`, `user_id`, `order_id`, `head`, `body`, `accepted_by`, `closed_by`, `created_at`, `updated_at`) VALUES (7, 7, 7, 'Ratione illum vel repudiandae quis.', 'Omnis cumque rerum corrupti at dolore veritatis. Qui perferendis eveniet temporibus sit. Blanditiis qui ipsum qui voluptate ipsum pariatur.', 7, 7, '2019-06-05 15:29:01', '2019-08-24 08:02:54');
INSERT INTO `complaints` (`id`, `user_id`, `order_id`, `head`, `body`, `accepted_by`, `closed_by`, `created_at`, `updated_at`) VALUES (8, 8, 8, 'Aut saepe enim error perspiciatis.', 'Assumenda officiis facere occaecati. Molestias illo reiciendis voluptatem odio. Ex quisquam ratione a et rerum.', 8, 8, '2020-04-06 06:19:24', '2020-02-27 11:37:55');
INSERT INTO `complaints` (`id`, `user_id`, `order_id`, `head`, `body`, `accepted_by`, `closed_by`, `created_at`, `updated_at`) VALUES (9, 9, 9, 'Quasi qui aut provident nam earum velit.', 'Deleniti similique eaque natus quos repellat. Eum mollitia omnis optio facere. Ducimus possimus ducimus veritatis natus velit repellendus.', 9, 9, '2020-05-05 17:56:28', '2020-01-10 12:00:22');
INSERT INTO `complaints` (`id`, `user_id`, `order_id`, `head`, `body`, `accepted_by`, `closed_by`, `created_at`, `updated_at`) VALUES (10, 10, 10, 'Earum rerum unde perspiciatis qui eum.', 'Sunt enim corrupti sunt est rem. Quas esse ut magnam molestiae necessitatibus. Sit at magni corporis eum aut molestiae.', 10, 10, '2020-01-18 01:07:46', '2019-12-15 07:02:20');

 