-- MySQL dump 10.13  Distrib 8.0.19, for Linux (x86_64)
--
-- Host: localhost    Database: vk
-- ------------------------------------------------------
-- Server version	8.0.19

/*!40101 SET @OLD_CHARACTER_SET_CLIENT=@@CHARACTER_SET_CLIENT */;
/*!40101 SET @OLD_CHARACTER_SET_RESULTS=@@CHARACTER_SET_RESULTS */;
/*!40101 SET @OLD_COLLATION_CONNECTION=@@COLLATION_CONNECTION */;
/*!50503 SET NAMES utf8mb4 */;
/*!40103 SET @OLD_TIME_ZONE=@@TIME_ZONE */;
/*!40103 SET TIME_ZONE='+00:00' */;
/*!40014 SET @OLD_UNIQUE_CHECKS=@@UNIQUE_CHECKS, UNIQUE_CHECKS=0 */;
/*!40014 SET @OLD_FOREIGN_KEY_CHECKS=@@FOREIGN_KEY_CHECKS, FOREIGN_KEY_CHECKS=0 */;
/*!40101 SET @OLD_SQL_MODE=@@SQL_MODE, SQL_MODE='NO_AUTO_VALUE_ON_ZERO' */;
/*!40111 SET @OLD_SQL_NOTES=@@SQL_NOTES, SQL_NOTES=0 */;

--
-- Table structure for table `communities`
--

DROP TABLE IF EXISTS `communities`;
/*!40101 SET @saved_cs_client     = @@character_set_client */;
/*!50503 SET character_set_client = utf8mb4 */;
CREATE TABLE `communities` (
  `id` int unsigned NOT NULL AUTO_INCREMENT,
  `name` varchar(150) CHARACTER SET utf8 COLLATE utf8_unicode_ci NOT NULL,
  PRIMARY KEY (`id`),
  UNIQUE KEY `name` (`name`)
) ENGINE=InnoDB AUTO_INCREMENT=11 DEFAULT CHARSET=utf8 COLLATE=utf8_unicode_ci;
/*!40101 SET character_set_client = @saved_cs_client */;

--
-- Dumping data for table `communities`
--

LOCK TABLES `communities` WRITE;
/*!40000 ALTER TABLE `communities` DISABLE KEYS */;
INSERT INTO `communities` VALUES (6,'animi'),(4,'aut'),(5,'fuga'),(2,'libero'),(9,'molestias'),(10,'nisi'),(8,'recusandae'),(7,'sed'),(1,'ut'),(3,'voluptatem');
/*!40000 ALTER TABLE `communities` ENABLE KEYS */;
UNLOCK TABLES;

--
-- Table structure for table `communities_users`
--

DROP TABLE IF EXISTS `communities_users`;
/*!40101 SET @saved_cs_client     = @@character_set_client */;
/*!50503 SET character_set_client = utf8mb4 */;
CREATE TABLE `communities_users` (
  `community_id` int unsigned NOT NULL,
  `user_id` int unsigned NOT NULL,
  PRIMARY KEY (`community_id`,`user_id`)
) ENGINE=InnoDB DEFAULT CHARSET=utf8 COLLATE=utf8_unicode_ci;
/*!40101 SET character_set_client = @saved_cs_client */;

--
-- Dumping data for table `communities_users`
--

LOCK TABLES `communities_users` WRITE;
/*!40000 ALTER TABLE `communities_users` DISABLE KEYS */;
INSERT INTO `communities_users` VALUES (1,1),(1,11),(1,21),(1,31),(1,41),(1,51),(1,61),(1,71),(1,81),(1,91),(2,2),(2,12),(2,22),(2,32),(2,42),(2,52),(2,62),(2,72),(2,82),(2,92),(3,3),(3,13),(3,23),(3,33),(3,43),(3,53),(3,63),(3,73),(3,83),(3,93),(4,4),(4,14),(4,24),(4,34),(4,44),(4,54),(4,64),(4,74),(4,84),(4,94),(5,5),(5,15),(5,25),(5,35),(5,45),(5,55),(5,65),(5,75),(5,85),(5,95),(6,6),(6,16),(6,26),(6,36),(6,46),(6,56),(6,66),(6,76),(6,86),(6,96),(7,7),(7,17),(7,27),(7,37),(7,47),(7,57),(7,67),(7,77),(7,87),(7,97),(8,8),(8,18),(8,28),(8,38),(8,48),(8,58),(8,68),(8,78),(8,88),(8,98),(9,9),(9,19),(9,29),(9,39),(9,49),(9,59),(9,69),(9,79),(9,89),(9,99),(10,10),(10,20),(10,30),(10,40),(10,50),(10,60),(10,70),(10,80),(10,90),(10,100);
/*!40000 ALTER TABLE `communities_users` ENABLE KEYS */;
UNLOCK TABLES;

--
-- Table structure for table `friendship`
--

DROP TABLE IF EXISTS `friendship`;
/*!40101 SET @saved_cs_client     = @@character_set_client */;
/*!50503 SET character_set_client = utf8mb4 */;
CREATE TABLE `friendship` (
  `user_id` int unsigned NOT NULL,
  `friend_id` int unsigned NOT NULL,
  `status_id` int unsigned NOT NULL,
  `requested_at` datetime DEFAULT CURRENT_TIMESTAMP,
  `confirmed_at` datetime DEFAULT NULL,
  `rejected_at` datetime DEFAULT NULL,
  PRIMARY KEY (`user_id`,`friend_id`)
) ENGINE=InnoDB DEFAULT CHARSET=utf8 COLLATE=utf8_unicode_ci;
/*!40101 SET character_set_client = @saved_cs_client */;

--
-- Dumping data for table `friendship`
--

LOCK TABLES `friendship` WRITE;
/*!40000 ALTER TABLE `friendship` DISABLE KEYS */;
INSERT INTO `friendship` VALUES (1,68,2,'2017-12-26 16:59:33','2019-11-21 15:09:57',NULL),(2,6,1,'2012-01-14 01:17:14','2019-08-16 14:56:30',NULL),(3,42,2,'2010-05-05 00:59:00','2016-01-25 17:20:43',NULL),(4,41,1,'2018-08-05 20:08:03','2020-04-27 12:30:34',NULL),(5,88,2,'2013-03-16 20:49:35','2018-03-13 18:58:22',NULL),(6,97,3,'2018-09-23 14:12:09',NULL,'2020-04-27 12:35:16'),(7,10,3,'2011-08-26 10:29:35',NULL,'2020-04-27 12:35:16'),(8,3,3,'2015-02-26 15:18:54',NULL,'2020-04-27 12:35:16'),(9,25,3,'2012-12-04 10:47:33',NULL,'2020-04-27 12:35:16'),(10,44,2,'2015-03-11 12:53:44','2020-04-27 12:30:34',NULL),(11,63,1,'2015-12-13 12:00:22','2020-04-27 12:30:34',NULL),(12,95,3,'2013-03-30 04:17:45',NULL,'2020-04-27 12:35:16'),(13,98,3,'2013-02-13 02:26:41',NULL,'2020-04-27 12:35:16'),(14,39,3,'2016-08-04 21:23:21',NULL,'2020-04-27 12:35:16'),(15,38,3,'2014-10-22 00:13:09',NULL,'2020-04-27 12:35:16'),(16,27,3,'2019-08-12 00:58:46',NULL,'2020-04-27 12:35:16'),(17,50,3,'2011-03-26 00:56:25',NULL,'2020-04-27 12:35:16'),(18,72,1,'2011-07-10 04:00:24','2017-08-28 22:34:22',NULL),(19,40,1,'2012-04-06 18:48:05','2020-04-27 12:30:34',NULL),(20,81,1,'2017-07-03 07:50:11','2020-04-27 12:30:34',NULL),(21,48,3,'2014-12-14 10:22:02',NULL,'2020-04-27 12:35:16'),(22,71,2,'2014-02-02 00:31:24','2016-10-15 02:21:26',NULL),(23,37,1,'2011-07-07 06:35:56','2013-02-04 03:00:02',NULL),(24,34,1,'2017-01-30 14:03:50','2020-04-27 12:30:34',NULL),(25,65,2,'2017-01-07 14:32:03','2020-04-27 12:30:34',NULL),(26,33,3,'2015-03-01 14:56:00',NULL,'2020-04-27 12:35:16'),(27,5,2,'2012-01-18 20:33:36','2014-05-08 10:43:24',NULL),(28,82,3,'2011-08-26 01:42:38',NULL,'2020-04-27 12:35:16'),(29,100,2,'2011-11-01 02:22:44','2012-07-03 19:52:51',NULL),(30,85,1,'2012-06-26 09:11:48','2015-07-26 18:09:45',NULL),(31,30,3,'2018-10-23 09:40:37',NULL,'2020-04-27 12:35:16'),(32,89,1,'2013-08-25 16:15:39','2020-04-27 12:30:34',NULL),(33,13,1,'2012-12-08 00:56:31','2014-04-19 14:57:57',NULL),(34,84,3,'2010-09-27 14:25:10',NULL,'2020-04-27 12:35:16'),(35,54,3,'2016-04-11 16:32:55',NULL,'2020-04-27 12:35:16'),(36,8,3,'2015-03-04 10:07:44',NULL,'2020-04-27 12:35:16'),(37,76,3,'2012-08-15 04:03:50',NULL,'2020-04-27 12:35:16'),(38,87,3,'2015-03-05 05:08:01',NULL,'2020-04-27 12:35:16'),(39,75,3,'2018-12-01 07:58:36',NULL,'2020-04-27 12:35:16'),(40,17,2,'2018-08-26 18:17:18','2020-04-27 12:30:34',NULL),(41,16,1,'2015-08-07 01:05:20','2020-04-27 12:30:34',NULL),(42,36,3,'2012-09-23 02:52:47',NULL,'2020-04-27 12:35:16'),(43,19,2,'2019-07-04 13:09:46','2020-04-27 12:30:34',NULL),(44,92,3,'2019-03-04 11:44:04',NULL,'2020-04-27 12:35:16'),(45,11,1,'2013-07-17 01:35:21','2014-07-14 07:27:31',NULL),(46,86,1,'2014-08-25 09:48:34','2020-04-27 12:30:34',NULL),(47,73,3,'2019-02-15 08:08:59',NULL,'2020-04-27 12:35:16'),(48,29,1,'2013-05-13 15:00:06','2020-04-27 12:30:34',NULL),(49,74,2,'2011-04-11 04:13:42','2014-05-16 04:11:06',NULL),(50,23,2,'2017-09-16 10:42:19','2020-04-27 12:30:34',NULL),(51,47,3,'2010-07-12 11:49:29',NULL,'2020-04-27 12:35:16'),(52,2,2,'2016-08-22 11:48:22','2020-04-27 12:30:34',NULL),(53,45,1,'2011-11-02 22:22:08','2013-08-28 06:13:12',NULL),(54,80,2,'2018-06-10 21:07:30','2020-04-27 12:30:34',NULL),(55,96,3,'2016-03-05 19:45:56',NULL,'2020-04-27 12:35:16'),(56,59,2,'2019-06-02 17:04:41','2020-03-10 10:43:21',NULL),(57,22,2,'2013-04-23 00:49:00','2019-12-22 18:59:31',NULL),(58,14,2,'2014-03-29 19:58:24','2018-10-21 16:44:48',NULL),(59,77,1,'2016-12-24 18:48:47','2018-01-24 12:33:34',NULL),(60,49,3,'2019-10-03 14:17:21',NULL,'2020-04-27 12:35:16'),(61,57,1,'2018-10-07 10:50:35','2020-04-27 12:30:34',NULL),(62,93,1,'2016-12-04 05:54:09','2017-12-23 15:23:39',NULL),(63,20,3,'2015-11-14 16:32:33',NULL,'2020-04-27 12:35:16'),(64,83,1,'2012-04-13 09:17:54','2020-03-02 10:27:40',NULL),(65,56,3,'2018-09-16 07:13:45',NULL,'2020-04-27 12:35:16'),(66,4,1,'2018-09-10 20:36:30','2020-04-27 12:30:34',NULL),(67,35,1,'2012-01-18 12:32:36','2018-10-22 22:55:47',NULL),(68,24,2,'2014-03-17 08:01:22','2014-05-27 05:10:14',NULL),(69,26,1,'2014-08-08 05:44:13','2018-12-04 23:17:56',NULL),(70,21,2,'2011-03-24 01:56:00','2016-12-14 18:13:13',NULL),(71,94,2,'2020-01-18 23:22:45','2020-04-27 12:30:34',NULL),(72,51,3,'2014-09-02 14:38:41',NULL,'2020-04-27 12:35:16'),(73,18,3,'2010-07-02 23:01:02',NULL,'2020-04-27 12:35:16'),(74,78,3,'2011-12-26 05:53:58',NULL,'2020-04-27 12:35:16'),(75,67,2,'2019-09-20 01:21:03','2020-04-27 12:30:34',NULL),(76,61,3,'2013-07-16 18:44:50',NULL,'2020-04-27 12:35:16'),(77,7,1,'2014-11-08 06:00:36','2020-04-27 12:30:34',NULL),(78,52,3,'2018-09-30 03:19:23',NULL,'2020-04-27 12:35:16'),(79,66,1,'2017-01-22 09:23:38','2020-04-27 12:30:34',NULL),(80,46,1,'2012-05-25 23:40:40','2014-01-28 11:01:03',NULL),(81,32,3,'2012-06-10 13:54:09',NULL,'2020-04-27 12:35:16'),(82,12,3,'2011-02-24 07:33:57',NULL,'2020-04-27 12:35:16'),(83,70,3,'2012-04-12 18:05:46',NULL,'2020-04-27 12:35:16'),(84,28,1,'2015-03-06 20:57:16','2020-04-27 12:30:34',NULL),(85,99,3,'2013-05-13 04:59:19',NULL,'2020-04-27 12:35:16'),(86,43,1,'2014-06-10 17:29:59','2020-04-27 12:30:34',NULL),(87,9,1,'2018-05-24 04:51:42','2019-11-26 22:48:42',NULL),(88,91,1,'2016-05-02 18:40:24','2020-04-27 12:30:34',NULL),(89,79,1,'2018-09-25 18:20:14','2020-04-27 12:30:34',NULL),(90,60,3,'2018-12-20 05:08:17',NULL,'2020-04-27 12:35:16'),(91,53,2,'2014-05-17 22:30:15','2015-04-13 21:50:07',NULL),(92,62,2,'2011-09-05 23:41:26','2015-01-27 10:49:55',NULL),(93,15,3,'2017-01-29 20:57:47',NULL,'2020-04-27 12:35:16'),(94,58,1,'2012-01-14 23:13:48','2020-04-27 12:30:34',NULL),(95,31,1,'2015-07-14 02:31:11','2019-05-03 08:49:50',NULL),(96,64,2,'2014-09-23 01:34:00','2020-04-27 12:30:34',NULL),(97,69,2,'2011-01-15 10:39:05','2016-03-13 20:52:09',NULL),(98,90,1,'2015-09-21 03:59:47','2015-12-02 20:01:10',NULL),(99,55,1,'2019-03-12 14:46:14','2020-04-27 12:30:34',NULL),(100,1,1,'2019-03-06 13:20:24','2020-04-27 12:30:34',NULL);
/*!40000 ALTER TABLE `friendship` ENABLE KEYS */;
UNLOCK TABLES;

--
-- Table structure for table `friendship_statuses`
--

DROP TABLE IF EXISTS `friendship_statuses`;
/*!40101 SET @saved_cs_client     = @@character_set_client */;
/*!50503 SET character_set_client = utf8mb4 */;
CREATE TABLE `friendship_statuses` (
  `id` int unsigned NOT NULL AUTO_INCREMENT,
  `name` varchar(150) CHARACTER SET utf8 COLLATE utf8_unicode_ci NOT NULL,
  PRIMARY KEY (`id`),
  UNIQUE KEY `name` (`name`)
) ENGINE=InnoDB AUTO_INCREMENT=4 DEFAULT CHARSET=utf8 COLLATE=utf8_unicode_ci;
/*!40101 SET character_set_client = @saved_cs_client */;

--
-- Dumping data for table `friendship_statuses`
--

LOCK TABLES `friendship_statuses` WRITE;
/*!40000 ALTER TABLE `friendship_statuses` DISABLE KEYS */;
INSERT INTO `friendship_statuses` VALUES (2,'confirmed'),(3,'rejected'),(1,'requested');
/*!40000 ALTER TABLE `friendship_statuses` ENABLE KEYS */;
UNLOCK TABLES;

--
-- Table structure for table `media`
--

DROP TABLE IF EXISTS `media`;
/*!40101 SET @saved_cs_client     = @@character_set_client */;
/*!50503 SET character_set_client = utf8mb4 */;
CREATE TABLE `media` (
  `id` int unsigned NOT NULL AUTO_INCREMENT,
  `media_type_id` int unsigned NOT NULL,
  `user_id` int unsigned NOT NULL,
  `filename` varchar(255) CHARACTER SET utf8 COLLATE utf8_unicode_ci NOT NULL,
  `size` int NOT NULL,
  `metadata` json DEFAULT NULL,
  `created_at` datetime DEFAULT CURRENT_TIMESTAMP,
  `updated_at` datetime DEFAULT CURRENT_TIMESTAMP ON UPDATE CURRENT_TIMESTAMP,
  PRIMARY KEY (`id`)
) ENGINE=InnoDB AUTO_INCREMENT=101 DEFAULT CHARSET=utf8 COLLATE=utf8_unicode_ci;
/*!40101 SET character_set_client = @saved_cs_client */;

--
-- Dumping data for table `media`
--

LOCK TABLES `media` WRITE;
/*!40000 ALTER TABLE `media` DISABLE KEYS */;
INSERT INTO `media` VALUES (1,1,1,'https://disk.yandex.ru/vk/22026.jpeg',17987,'{\"owner\": \"Kiel Auer\"}','2011-01-13 22:20:18','2020-04-27 12:12:32'),(2,2,2,'https://disk.yandex.ru/vk/13219.avi',1105689,'{\"owner\": \"Kale Swift\"}','2019-12-20 04:23:33','2020-04-27 12:12:32'),(3,3,3,'https://disk.yandex.ru/vk/15927.mp3',15748,'{\"owner\": \"Francesco Yundt\"}','2013-10-14 14:49:13','2020-04-27 12:12:32'),(4,2,4,'https://disk.yandex.ru/vk/16133.avi',1030739,'{\"owner\": \"Melyna Keeling\"}','2018-03-12 11:08:52','2020-04-27 12:12:32'),(5,1,5,'https://disk.yandex.ru/vk/23120.jpeg',12591,'{\"owner\": \"Delia Wolf\"}','2014-03-30 19:48:55','2020-04-27 12:12:32'),(6,1,6,'https://disk.yandex.ru/vk/19520.jpeg',12161,'{\"owner\": \"Elfrieda Cartwright\"}','2014-01-08 11:24:38','2020-04-27 12:12:32'),(7,3,7,'https://disk.yandex.ru/vk/19584.mp3',13033,'{\"owner\": \"Annie Thiel\"}','2011-08-30 02:33:28','2020-04-27 12:12:32'),(8,3,8,'https://disk.yandex.ru/vk/20139.mp3',3780,'{\"owner\": \"Skye Willms\"}','2020-03-18 16:02:25','2020-04-27 12:12:32'),(9,1,9,'https://disk.yandex.ru/vk/18242.jpeg',10656,'{\"owner\": \"Daphney Graham\"}','2014-09-15 02:53:13','2020-04-27 12:12:32'),(10,1,10,'https://disk.yandex.ru/vk/22651.jpeg',11716,'{\"owner\": \"Kaylie Doyle\"}','2010-08-05 15:21:32','2020-04-27 12:12:32'),(11,3,11,'https://disk.yandex.ru/vk/11944.mp3',20943,'{\"owner\": \"Mateo Kulas\"}','2018-01-24 00:01:16','2020-04-27 12:12:32'),(12,1,12,'https://disk.yandex.ru/vk/28531.jpeg',11746,'{\"owner\": \"Jasen Hegmann\"}','2016-07-15 07:14:46','2020-04-27 12:12:32'),(13,1,13,'https://disk.yandex.ru/vk/24700.jpeg',14902,'{\"owner\": \"Neoma Ullrich\"}','2016-10-24 00:26:33','2020-04-27 12:12:32'),(14,2,14,'https://disk.yandex.ru/vk/11009.avi',1036631,'{\"owner\": \"Shana Nienow\"}','2013-02-03 05:34:10','2020-04-27 12:12:32'),(15,3,15,'https://disk.yandex.ru/vk/29303.mp3',5665,'{\"owner\": \"Joelle Kessler\"}','2010-06-20 22:04:54','2020-04-27 12:12:32'),(16,1,16,'https://disk.yandex.ru/vk/27909.jpeg',12501,'{\"owner\": \"Leila Sauer\"}','2019-07-02 13:35:36','2020-04-27 12:12:32'),(17,1,17,'https://disk.yandex.ru/vk/15446.jpeg',4511,'{\"owner\": \"Skye Morissette\"}','2019-05-08 11:29:51','2020-04-27 12:12:32'),(18,1,18,'https://disk.yandex.ru/vk/23505.jpeg',11199,'{\"owner\": \"Jacky Upton\"}','2018-01-29 03:07:29','2020-04-27 12:12:32'),(19,1,19,'https://disk.yandex.ru/vk/21185.jpeg',10131,'{\"owner\": \"Gunner Stoltenberg\"}','2014-06-06 08:09:53','2020-04-27 12:12:32'),(20,2,20,'https://disk.yandex.ru/vk/16644.avi',1090935,'{\"owner\": \"Cloyd Botsford\"}','2020-03-19 14:38:15','2020-04-27 12:12:32'),(21,3,21,'https://disk.yandex.ru/vk/20685.mp3',5723,'{\"owner\": \"Marcelina Wisozk\"}','2013-04-06 22:54:30','2020-04-27 12:12:32'),(22,3,22,'https://disk.yandex.ru/vk/25514.mp3',13288,'{\"owner\": \"Florencio Runte\"}','2014-11-14 18:50:58','2020-04-27 12:12:32'),(23,3,23,'https://disk.yandex.ru/vk/15519.mp3',11767,'{\"owner\": \"Rocio Koepp\"}','2011-09-17 10:38:44','2020-04-27 12:12:32'),(24,1,24,'https://disk.yandex.ru/vk/25409.jpeg',15465,'{\"owner\": \"Donna Baumbach\"}','2018-06-25 06:19:43','2020-04-27 12:12:32'),(25,1,25,'https://disk.yandex.ru/vk/13493.jpeg',11350,'{\"owner\": \"Wilhelmine Sanford\"}','2012-11-18 04:38:19','2020-04-27 12:12:32'),(26,3,26,'https://disk.yandex.ru/vk/11051.mp3',10874,'{\"owner\": \"Tatyana Mohr\"}','2018-06-10 19:40:04','2020-04-27 12:12:32'),(27,2,27,'https://disk.yandex.ru/vk/20194.avi',1144784,'{\"owner\": \"Edna Powlowski\"}','2019-05-31 19:35:01','2020-04-27 12:12:32'),(28,3,28,'https://disk.yandex.ru/vk/18700.mp3',8376,'{\"owner\": \"Garth Nikolaus\"}','2013-06-04 20:35:48','2020-04-27 12:12:32'),(29,1,29,'https://disk.yandex.ru/vk/21239.jpeg',12220,'{\"owner\": \"Pablo Hettinger\"}','2010-12-22 12:03:24','2020-04-27 12:12:32'),(30,2,30,'https://disk.yandex.ru/vk/21041.avi',1051115,'{\"owner\": \"Jana Altenwerth\"}','2015-11-20 01:54:13','2020-04-27 12:12:32'),(31,2,31,'https://disk.yandex.ru/vk/14623.avi',1021223,'{\"owner\": \"Woodrow Grady\"}','2018-04-08 12:11:33','2020-04-27 12:12:32'),(32,1,32,'https://disk.yandex.ru/vk/15717.jpeg',3419,'{\"owner\": \"Rebekah Maggio\"}','2011-09-17 17:40:33','2020-04-27 12:12:32'),(33,3,33,'https://disk.yandex.ru/vk/10347.mp3',10969,'{\"owner\": \"Helmer Lakin\"}','2017-02-16 07:36:29','2020-04-27 12:12:32'),(34,2,34,'https://disk.yandex.ru/vk/19990.avi',1152769,'{\"owner\": \"Urban Friesen\"}','2019-07-09 17:18:47','2020-04-27 12:12:32'),(35,3,35,'https://disk.yandex.ru/vk/25634.mp3',10443,'{\"owner\": \"Larry Gibson\"}','2015-04-13 12:47:13','2020-04-27 12:12:32'),(36,2,36,'https://disk.yandex.ru/vk/26083.avi',1100179,'{\"owner\": \"Cleveland Mayert\"}','2018-12-25 00:13:03','2020-04-27 12:12:32'),(37,3,37,'https://disk.yandex.ru/vk/27132.mp3',12761,'{\"owner\": \"Kory Kessler\"}','2018-02-06 06:44:16','2020-04-27 12:12:32'),(38,2,38,'https://disk.yandex.ru/vk/20446.avi',1042587,'{\"owner\": \"Wilhelmine Goodwin\"}','2020-01-07 01:04:38','2020-04-27 12:12:32'),(39,1,39,'https://disk.yandex.ru/vk/24866.jpeg',8688,'{\"owner\": \"Hellen Greenholt\"}','2011-09-13 08:31:54','2020-04-27 12:12:32'),(40,2,40,'https://disk.yandex.ru/vk/13981.avi',1112400,'{\"owner\": \"Felipa Bergnaum\"}','2019-01-30 18:21:42','2020-04-27 12:12:32'),(41,1,41,'https://disk.yandex.ru/vk/27180.jpeg',17389,'{\"owner\": \"Myrtis Rippin\"}','2011-07-17 15:44:08','2020-04-27 12:12:32'),(42,1,42,'https://disk.yandex.ru/vk/11303.jpeg',10262,'{\"owner\": \"Muhammad Luettgen\"}','2013-05-02 14:48:28','2020-04-27 12:12:32'),(43,1,43,'https://disk.yandex.ru/vk/24975.jpeg',12542,'{\"owner\": \"Esperanza Lubowitz\"}','2013-02-25 23:12:07','2020-04-27 12:12:32'),(44,2,44,'https://disk.yandex.ru/vk/18568.avi',1034240,'{\"owner\": \"Randi Reichert\"}','2018-06-30 10:56:36','2020-04-27 12:12:32'),(45,2,45,'https://disk.yandex.ru/vk/20896.avi',1034001,'{\"owner\": \"Hilton Kirlin\"}','2011-06-27 17:34:21','2020-04-27 12:12:32'),(46,1,46,'https://disk.yandex.ru/vk/20969.jpeg',19883,'{\"owner\": \"Kristoffer Wehner\"}','2013-08-12 12:19:45','2020-04-27 12:12:32'),(47,1,47,'https://disk.yandex.ru/vk/19917.jpeg',6247,'{\"owner\": \"Rocio Rowe\"}','2011-10-12 07:10:16','2020-04-27 12:12:32'),(48,3,48,'https://disk.yandex.ru/vk/28759.mp3',10588,'{\"owner\": \"Josiah Jones\"}','2017-12-21 04:38:11','2020-04-27 12:12:32'),(49,1,49,'https://disk.yandex.ru/vk/26680.jpeg',13198,'{\"owner\": \"Kaylee Yost\"}','2012-10-15 06:52:14','2020-04-27 12:12:32'),(50,2,50,'https://disk.yandex.ru/vk/18778.avi',1067283,'{\"owner\": \"Pat Hodkiewicz\"}','2010-10-29 09:10:43','2020-04-27 12:12:32'),(51,2,51,'https://disk.yandex.ru/vk/21201.avi',1034413,'{\"owner\": \"Darrel Stark\"}','2019-04-12 20:35:32','2020-04-27 12:12:32'),(52,2,52,'https://disk.yandex.ru/vk/19672.avi',1170216,'{\"owner\": \"Lorenzo Quitzon\"}','2019-11-18 16:10:19','2020-04-27 12:12:32'),(53,2,53,'https://disk.yandex.ru/vk/24756.avi',1147842,'{\"owner\": \"Lou Turcotte\"}','2011-06-19 00:43:48','2020-04-27 12:12:32'),(54,1,54,'https://disk.yandex.ru/vk/23650.jpeg',11203,'{\"owner\": \"Sienna Fisher\"}','2013-06-05 12:52:57','2020-04-27 12:12:32'),(55,3,55,'https://disk.yandex.ru/vk/12397.mp3',7062,'{\"owner\": \"Brad Smith\"}','2016-04-28 20:05:55','2020-04-27 12:12:32'),(56,2,56,'https://disk.yandex.ru/vk/14767.avi',1028563,'{\"owner\": \"Dayna Spencer\"}','2013-09-11 10:52:25','2020-04-27 12:12:32'),(57,2,57,'https://disk.yandex.ru/vk/29566.avi',1099290,'{\"owner\": \"Hector Cruickshank\"}','2016-04-14 13:47:30','2020-04-27 12:12:32'),(58,1,58,'https://disk.yandex.ru/vk/28210.jpeg',11702,'{\"owner\": \"Elisha Connelly\"}','2015-03-24 13:56:48','2020-04-27 12:12:32'),(59,3,59,'https://disk.yandex.ru/vk/25711.mp3',6118,'{\"owner\": \"Lilla Satterfield\"}','2013-05-26 08:38:40','2020-04-27 12:12:32'),(60,2,60,'https://disk.yandex.ru/vk/13530.avi',1010761,'{\"owner\": \"Tyra Walker\"}','2014-11-14 02:27:41','2020-04-27 12:12:32'),(61,1,61,'https://disk.yandex.ru/vk/20100.jpeg',3696,'{\"owner\": \"Devon Kerluke\"}','2012-09-19 20:48:18','2020-04-27 12:12:32'),(62,3,62,'https://disk.yandex.ru/vk/21363.mp3',7651,'{\"owner\": \"Camryn Ankunding\"}','2012-09-06 19:44:48','2020-04-27 12:12:32'),(63,3,63,'https://disk.yandex.ru/vk/19683.mp3',11698,'{\"owner\": \"Miles Cole\"}','2020-03-20 00:41:30','2020-04-27 12:12:32'),(64,2,64,'https://disk.yandex.ru/vk/28951.avi',1155934,'{\"owner\": \"Georgiana Langosh\"}','2013-05-23 18:48:16','2020-04-27 12:12:32'),(65,1,65,'https://disk.yandex.ru/vk/25869.jpeg',10943,'{\"owner\": \"Joe Kreiger\"}','2015-08-10 02:36:44','2020-04-27 12:12:32'),(66,1,66,'https://disk.yandex.ru/vk/19046.jpeg',6168,'{\"owner\": \"Novella Gleason\"}','2017-07-03 23:52:12','2020-04-27 12:12:32'),(67,1,67,'https://disk.yandex.ru/vk/27623.jpeg',12634,'{\"owner\": \"Mazie Powlowski\"}','2015-08-17 20:56:38','2020-04-27 12:12:32'),(68,1,68,'https://disk.yandex.ru/vk/10979.jpeg',11892,'{\"owner\": \"Chasity O\'Connell\"}','2011-06-11 02:49:40','2020-04-27 12:12:32'),(69,1,69,'https://disk.yandex.ru/vk/22024.jpeg',11561,'{\"owner\": \"Blanche Keeling\"}','2010-09-07 19:49:53','2020-04-27 12:12:32'),(70,3,70,'https://disk.yandex.ru/vk/24328.mp3',12129,'{\"owner\": \"Isom Boyle\"}','2011-01-27 07:58:25','2020-04-27 12:12:32'),(71,2,71,'https://disk.yandex.ru/vk/14164.avi',1147390,'{\"owner\": \"Pearlie Thompson\"}','2019-07-21 16:53:32','2020-04-27 12:12:32'),(72,2,72,'https://disk.yandex.ru/vk/13971.avi',1069149,'{\"owner\": \"Michele Schultz\"}','2017-01-24 23:17:14','2020-04-27 12:12:32'),(73,1,73,'https://disk.yandex.ru/vk/27187.jpeg',10457,'{\"owner\": \"Faye Friesen\"}','2011-09-20 09:08:21','2020-04-27 12:12:32'),(74,3,74,'https://disk.yandex.ru/vk/12590.mp3',14938,'{\"owner\": \"Brennon Schamberger\"}','2012-08-05 09:23:10','2020-04-27 12:12:32'),(75,2,75,'https://disk.yandex.ru/vk/17364.avi',1103575,'{\"owner\": \"Karli Schulist\"}','2017-09-14 10:19:44','2020-04-27 12:12:32'),(76,1,76,'https://disk.yandex.ru/vk/19862.jpeg',13027,'{\"owner\": \"Mitchel Casper\"}','2018-02-16 18:40:26','2020-04-27 12:12:32'),(77,1,77,'https://disk.yandex.ru/vk/27749.jpeg',13140,'{\"owner\": \"Savion Kling\"}','2016-07-07 22:07:56','2020-04-27 12:12:32'),(78,2,78,'https://disk.yandex.ru/vk/14906.avi',1110426,'{\"owner\": \"Annabelle Marquardt\"}','2013-01-30 18:59:08','2020-04-27 12:12:32'),(79,1,79,'https://disk.yandex.ru/vk/29160.jpeg',16514,'{\"owner\": \"Lesly Zulauf\"}','2015-09-07 20:49:10','2020-04-27 12:12:32'),(80,2,80,'https://disk.yandex.ru/vk/12438.avi',1041407,'{\"owner\": \"Kaleigh Bogan\"}','2014-02-17 11:59:01','2020-04-27 12:12:32'),(81,3,81,'https://disk.yandex.ru/vk/19966.mp3',10899,'{\"owner\": \"Lyla Parker\"}','2010-08-05 20:06:38','2020-04-27 12:12:32'),(82,3,82,'https://disk.yandex.ru/vk/12063.mp3',10775,'{\"owner\": \"Dorris Wilderman\"}','2012-08-05 13:38:31','2020-04-27 12:12:32'),(83,3,83,'https://disk.yandex.ru/vk/10415.mp3',11177,'{\"owner\": \"Arvilla Kuphal\"}','2012-07-02 11:30:37','2020-04-27 12:12:32'),(84,1,84,'https://disk.yandex.ru/vk/12555.jpeg',13559,'{\"owner\": \"Vivien Kihn\"}','2014-07-24 06:01:49','2020-04-27 12:12:32'),(85,2,85,'https://disk.yandex.ru/vk/27472.avi',1075757,'{\"owner\": \"Jules Rolfson\"}','2018-11-28 19:13:09','2020-04-27 12:12:32'),(86,2,86,'https://disk.yandex.ru/vk/10048.avi',1054566,'{\"owner\": \"Jonathan Hackett\"}','2014-08-03 10:46:34','2020-04-27 12:12:32'),(87,1,87,'https://disk.yandex.ru/vk/25292.jpeg',10453,'{\"owner\": \"Kyle Powlowski\"}','2018-10-19 13:37:15','2020-04-27 12:12:32'),(88,1,88,'https://disk.yandex.ru/vk/18799.jpeg',10316,'{\"owner\": \"Laisha Ruecker\"}','2013-11-24 00:30:20','2020-04-27 12:12:32'),(89,2,89,'https://disk.yandex.ru/vk/17823.avi',1045557,'{\"owner\": \"Abel Ryan\"}','2011-01-30 11:10:18','2020-04-27 12:12:32'),(90,3,90,'https://disk.yandex.ru/vk/25885.mp3',10166,'{\"owner\": \"Barney Daniel\"}','2010-04-22 00:31:57','2020-04-27 12:12:32'),(91,2,91,'https://disk.yandex.ru/vk/28971.avi',1064088,'{\"owner\": \"Faustino Wisoky\"}','2018-08-15 16:29:04','2020-04-27 12:12:32'),(92,1,92,'https://disk.yandex.ru/vk/28117.jpeg',10321,'{\"owner\": \"Clotilde Kohler\"}','2013-11-06 16:13:59','2020-04-27 12:12:32'),(93,1,93,'https://disk.yandex.ru/vk/14189.jpeg',11113,'{\"owner\": \"Aurelie VonRueden\"}','2013-10-03 06:30:56','2020-04-27 12:12:32'),(94,2,94,'https://disk.yandex.ru/vk/21386.avi',1183772,'{\"owner\": \"Jeff Von\"}','2018-09-29 10:24:49','2020-04-27 12:12:32'),(95,1,95,'https://disk.yandex.ru/vk/16594.jpeg',5424,'{\"owner\": \"Mekhi Howell\"}','2018-07-25 19:48:56','2020-04-27 12:12:32'),(96,1,96,'https://disk.yandex.ru/vk/10404.jpeg',8717,'{\"owner\": \"Della Hauck\"}','2015-11-04 05:53:11','2020-04-27 12:12:32'),(97,2,97,'https://disk.yandex.ru/vk/10017.avi',1126595,'{\"owner\": \"Tyshawn Blanda\"}','2016-12-07 15:45:36','2020-04-27 12:12:32'),(98,1,98,'https://disk.yandex.ru/vk/12240.jpeg',6310,'{\"owner\": \"Prince Blanda\"}','2014-07-17 13:38:50','2020-04-27 12:12:32'),(99,3,99,'https://disk.yandex.ru/vk/28183.mp3',13946,'{\"owner\": \"Otha Spencer\"}','2013-09-26 20:21:28','2020-04-27 12:12:32'),(100,1,100,'https://disk.yandex.ru/vk/19988.jpeg',4401,'{\"owner\": \"Elijah Tillman\"}','2013-01-10 22:43:09','2020-04-27 12:12:32');
/*!40000 ALTER TABLE `media` ENABLE KEYS */;
UNLOCK TABLES;

--
-- Table structure for table `media_types`
--

DROP TABLE IF EXISTS `media_types`;
/*!40101 SET @saved_cs_client     = @@character_set_client */;
/*!50503 SET character_set_client = utf8mb4 */;
CREATE TABLE `media_types` (
  `id` int unsigned NOT NULL AUTO_INCREMENT,
  `name` varchar(255) CHARACTER SET utf8 COLLATE utf8_unicode_ci NOT NULL,
  PRIMARY KEY (`id`),
  UNIQUE KEY `name` (`name`)
) ENGINE=InnoDB AUTO_INCREMENT=4 DEFAULT CHARSET=utf8 COLLATE=utf8_unicode_ci;
/*!40101 SET character_set_client = @saved_cs_client */;

--
-- Dumping data for table `media_types`
--

LOCK TABLES `media_types` WRITE;
/*!40000 ALTER TABLE `media_types` DISABLE KEYS */;
INSERT INTO `media_types` VALUES (3,'audio'),(1,'photo'),(2,'video');
/*!40000 ALTER TABLE `media_types` ENABLE KEYS */;
UNLOCK TABLES;

--
-- Table structure for table `messages`
--

DROP TABLE IF EXISTS `messages`;
/*!40101 SET @saved_cs_client     = @@character_set_client */;
/*!50503 SET character_set_client = utf8mb4 */;
CREATE TABLE `messages` (
  `id` int unsigned NOT NULL AUTO_INCREMENT,
  `from_user_id` int unsigned NOT NULL,
  `to_user_id` int unsigned DEFAULT NULL,
  `community_id` int unsigned DEFAULT NULL,
  `body` text CHARACTER SET utf8 COLLATE utf8_unicode_ci NOT NULL,
  `is_important` tinyint(1) DEFAULT NULL,
  `is_delivered` tinyint(1) DEFAULT NULL,
  `created_at` datetime DEFAULT CURRENT_TIMESTAMP,
  PRIMARY KEY (`id`)
) ENGINE=InnoDB AUTO_INCREMENT=101 DEFAULT CHARSET=utf8 COLLATE=utf8_unicode_ci;
/*!40101 SET character_set_client = @saved_cs_client */;

--
-- Dumping data for table `messages`
--

LOCK TABLES `messages` WRITE;
/*!40000 ALTER TABLE `messages` DISABLE KEYS */;
INSERT INTO `messages` VALUES (1,50,100,4,'Corrupti est occaecati ut quasi magnam vel. Velit vero aut libero ut recusandae tempore optio. Expedita dignissimos in quae magni cum totam error. Id quasi nihil ullam ad.',1,0,'2012-10-25 03:31:36'),(2,50,100,8,'Molestiae est quia consequatur sapiente quas quibusdam non consectetur. Et totam ea nostrum dolorem vero totam. Quo et aut ipsam est maiores repellat unde est. Totam est rerum ex facere non.',1,0,'2018-12-13 07:02:07'),(3,62,64,10,'Aliquam natus aliquam corrupti. Saepe rerum eius itaque aut qui.',0,0,'2019-02-09 04:31:49'),(4,90,95,10,'Eum harum magni aspernatur voluptate consequatur natus rerum. Quia veritatis nulla aut earum tempora vel molestiae. Molestiae sit excepturi officiis omnis nisi tempore.',1,0,'2017-09-01 04:56:50'),(5,4,41,10,'Est et velit rem. Officia amet exercitationem culpa veniam. Quas nihil est quaerat reiciendis sapiente tenetur.',1,1,'2019-07-24 14:25:25'),(6,35,7,9,'Ea dolores delectus quas. Molestias quisquam cupiditate qui exercitationem est deleniti quia quasi. Et est minima possimus quia quas exercitationem fugit.',0,1,'2018-09-07 03:07:20'),(7,53,27,2,'Quia eum occaecati non soluta vitae quibusdam necessitatibus ea. Consequatur aut facilis eum eligendi sapiente nihil quo. Iste sed recusandae laborum ullam.',0,0,'2014-01-27 07:42:17'),(8,41,35,8,'Unde qui totam doloribus illo. Voluptatem accusantium non saepe omnis delectus. Cumque nisi nostrum magnam adipisci quam ullam. Dolore tenetur aut provident ab.',1,0,'2014-01-19 13:29:20'),(9,80,16,9,'Deleniti quo blanditiis eveniet nam ea occaecati. Labore aut cumque doloremque. Illo et esse voluptatem qui aspernatur.',0,0,'2013-01-22 09:06:45'),(10,73,83,4,'Sint nemo hic ab est itaque quam aut praesentium. Consequatur consequatur repellendus dolores facilis beatae quae illo. Ea ipsa ducimus quo voluptatem.',0,0,'2017-06-13 14:59:39'),(11,63,1,3,'Consequatur ea qui ipsum odit et voluptas. Ratione repellendus officiis quia quis dolorem corrupti. Non sed doloribus quis qui. Sequi doloribus iusto minima sequi.',0,1,'2018-08-25 04:41:38'),(12,18,84,6,'Voluptates culpa deserunt accusantium beatae autem nulla quam. Deleniti laudantium ea in ipsum possimus temporibus totam nostrum. Qui sunt non iusto atque laudantium.',0,0,'2013-09-09 18:26:11'),(13,88,89,5,'Distinctio consectetur rem tempora placeat. Minus vero omnis quas. Ea iusto sapiente explicabo.',1,1,'2011-08-12 21:41:10'),(14,97,58,1,'Delectus assumenda earum at quidem repellendus autem totam. Animi blanditiis eligendi accusamus neque beatae odio iure id. Beatae quia excepturi quia odit ut animi dolor.',1,1,'2019-07-26 18:04:50'),(15,50,88,8,'Amet ut et et autem fugit. Quas sint dolores ut. Qui molestiae debitis aspernatur sit pariatur. Quae sit nesciunt perspiciatis.',0,0,'2012-04-13 10:55:37'),(16,52,15,8,'Consequatur omnis sit ut sit cumque et commodi. Nesciunt excepturi et alias voluptas. Rem voluptatibus vitae est est nemo id aut. Mollitia eius aut aspernatur ut quo quasi eius.',1,0,'2018-11-30 00:51:21'),(17,60,75,10,'Id consequatur dignissimos eveniet ipsa a omnis at. Non assumenda sed consequatur est. Quod rerum et similique occaecati et.',0,0,'2011-06-07 16:54:37'),(18,70,52,8,'Amet ab velit consectetur quisquam. Aut aliquid et voluptatum. Debitis quasi rerum velit quisquam id quaerat non facilis. Aliquam voluptas rerum architecto.',0,0,'2013-02-19 05:00:24'),(19,93,24,8,'Dolorem assumenda tenetur odio est quo sunt id. Molestias numquam odit facilis tenetur. Nemo ut repellendus cum modi eveniet dicta vitae.',1,0,'2019-07-23 22:58:29'),(20,91,63,3,'Ut consequuntur eos aut ab. Ipsam quaerat repudiandae perferendis aut assumenda. Error et nulla nostrum aliquid suscipit.',0,0,'2017-10-03 01:46:51'),(21,87,75,10,'Doloremque odio incidunt magnam consectetur. Qui assumenda qui id. Voluptatum similique tempore ipsam nam neque. Expedita non ut reiciendis ipsa molestias qui magnam esse.',1,1,'2013-07-20 15:28:45'),(22,29,89,10,'Soluta sed inventore ut aliquam harum praesentium voluptates. Vel unde nihil consequuntur maiores ipsa rerum magnam. Pariatur maxime deserunt ea. Aut dolores numquam est quia.',1,0,'2017-03-05 13:04:38'),(23,75,19,2,'Fugiat perspiciatis iste architecto ducimus aperiam odit. Quaerat quisquam illo ut.',0,1,'2014-01-07 09:03:37'),(24,23,48,3,'Animi quo fuga voluptatem consequatur et dolorum. Fugit quia fugit sequi ut provident.',0,1,'2019-05-14 21:26:04'),(25,3,64,7,'Repellendus quas voluptate facilis. Est odio velit quo ut ut et. Provident harum dolores ut iusto reiciendis in asperiores aliquam. Rem animi id minima nisi.',1,0,'2018-01-08 04:39:28'),(26,49,4,5,'Omnis ea harum id impedit. Sed occaecati aut non. Sunt aliquid neque numquam ab totam magni. Quos est quia quas nesciunt.',0,0,'2010-10-12 04:36:06'),(27,83,19,1,'Ut dolorum enim fugiat dolores nulla voluptates minima. Asperiores in non veritatis libero nisi. Ratione alias odio voluptatem iusto consequatur est vel. Temporibus quia rerum sunt id.',0,1,'2010-06-29 23:57:50'),(28,81,73,10,'Dolores quas libero ut fuga nam repellendus quidem. Ut earum nobis accusamus est. Atque sit officiis ipsa adipisci. Quia veniam molestias debitis incidunt optio.',1,1,'2018-07-20 16:54:38'),(29,38,96,6,'Fuga eos nihil pariatur voluptatibus officia architecto. Aut a reprehenderit dolorem. Animi distinctio id perferendis.',1,1,'2018-07-18 08:40:15'),(30,79,14,1,'Ea pariatur et repudiandae voluptas temporibus dolor. Officiis voluptas omnis in minus vero labore doloribus. Nobis sint aperiam eos.',1,0,'2016-07-15 09:16:18'),(31,96,57,7,'Beatae magni dolorum minus est itaque unde eum. Enim dolor sed quo similique. Rerum sunt fugit ad aliquid libero harum odio.',0,0,'2018-05-30 09:10:14'),(32,37,59,9,'Fugiat molestias saepe omnis. Iusto ipsam quidem iste suscipit. Debitis vel itaque nulla nisi odit.',1,0,'2012-10-28 13:22:13'),(33,82,69,4,'Placeat quos itaque voluptatem fugit. Nam repellat voluptatem excepturi aut. Explicabo voluptatem quia assumenda illum. Consequatur sit dolores doloremque distinctio.',1,1,'2017-03-16 05:12:22'),(34,30,24,8,'Quisquam et dolores officia quas suscipit. Aspernatur dolore odit dolor odit ut in repellat. Voluptas sunt blanditiis numquam placeat nam fuga tempora. Necessitatibus minima quasi totam.',1,0,'2015-04-23 12:40:40'),(35,18,23,9,'Rem illum maxime sint itaque tempore. Explicabo numquam mollitia similique vel. Nisi aperiam quo et minima. Explicabo in deserunt sit magni veniam non aut consequuntur.',0,0,'2013-07-26 05:08:23'),(36,85,2,7,'Iste dolores sapiente et qui dolorem error nihil qui. Ipsam minima dicta quo ipsa qui dolor. Sunt distinctio est placeat reiciendis. Nostrum minima necessitatibus inventore.',1,0,'2019-03-04 23:59:50'),(37,33,70,9,'Ratione aut sint numquam numquam perspiciatis laboriosam. Sequi quo magnam cumque ipsum ullam ullam harum. Et quo rerum voluptatem veritatis reiciendis tempore doloribus.',1,0,'2017-10-17 09:30:17'),(38,82,78,1,'Libero aut consectetur tenetur et eos est. Necessitatibus eligendi est qui adipisci. Veritatis sapiente tempore occaecati rerum. Eaque expedita rerum aperiam quis est molestias.',1,0,'2018-06-15 14:38:50'),(39,62,5,2,'Commodi eum quo quibusdam tempore alias at tempore. Nam magnam veniam et reiciendis. Ut velit molestias eligendi eum tenetur voluptatem. Id veniam natus esse ab mollitia doloremque.',1,1,'2018-04-19 06:30:36'),(40,3,83,5,'Quisquam aut rerum quos blanditiis commodi sapiente. Corporis quia nihil eligendi. Eos facere recusandae unde minus culpa.',0,0,'2012-05-07 01:34:55'),(41,40,55,10,'Possimus iusto sit laudantium quae recusandae. Aperiam modi reprehenderit rerum velit quia. Incidunt sunt est nisi iure dolor. Porro et quasi quaerat repudiandae ipsam.',0,0,'2015-04-14 02:32:44'),(42,34,9,1,'Placeat harum consequatur et in. Dignissimos dolorum veritatis enim et. Unde qui ut numquam impedit accusantium sit eos.',1,1,'2020-03-13 18:04:59'),(43,86,53,8,'Sit id est ad accusamus quam reiciendis. Dolorum amet eos modi optio eius at temporibus. Eius enim non quia saepe dicta aut. Qui et voluptas culpa molestias.',1,1,'2012-01-15 09:03:42'),(44,91,26,1,'Blanditiis qui praesentium deserunt et in cum. Officiis neque odit labore harum voluptates fugiat et. Est dolorem aut veniam commodi ea.',0,1,'2012-07-17 04:21:07'),(45,51,74,5,'Possimus explicabo harum eum fugiat quos quisquam. Expedita veritatis corrupti praesentium perspiciatis. Odit quia hic pariatur molestiae explicabo numquam aut.',1,1,'2019-12-06 06:53:39'),(46,44,25,1,'Ducimus laborum dolorem deleniti alias. Soluta provident veniam et facere et quibusdam. Earum nisi a aut distinctio maxime labore.',0,0,'2011-06-12 10:40:21'),(47,83,37,3,'Aut saepe consequuntur et facilis. Ullam dolorum quaerat ex asperiores et deserunt repellat. Laboriosam doloribus vitae quis earum.',0,0,'2017-04-04 00:31:00'),(48,27,50,2,'Commodi possimus rerum quas enim neque. Eaque possimus eum id dignissimos quis. Soluta veniam recusandae quam et quas mollitia voluptatem.',0,0,'2013-09-30 00:11:46'),(49,19,52,7,'Sit culpa aperiam quo sed quia veniam. Et perspiciatis nesciunt perspiciatis consequatur sint. In ea nam quis praesentium consequatur.',0,1,'2018-03-13 20:37:31'),(50,74,52,1,'Veritatis modi unde error qui dolores et doloribus. Tempora aut adipisci voluptas voluptatum. Nam ea nulla nostrum cupiditate odio eos ducimus. Ratione dolorum voluptatem sed sunt ipsum.',1,0,'2011-11-15 19:07:17'),(51,81,7,6,'Molestiae impedit distinctio ut incidunt non dolorum. Sed laudantium quisquam tenetur fugiat quia consequuntur quos. Delectus quia porro veniam aut hic.',0,1,'2012-02-06 10:53:34'),(52,29,2,1,'Et deserunt iusto qui adipisci dolores ullam asperiores. Dicta quod in asperiores labore ex. Beatae veniam ullam impedit est blanditiis amet distinctio.',1,0,'2019-04-15 11:42:16'),(53,76,17,10,'Accusantium illum sed et ut earum odio. Ea et rerum nam in voluptate quaerat sunt. Doloremque nostrum aliquid reprehenderit quaerat suscipit dolor est recusandae.',1,0,'2016-06-12 18:17:03'),(54,36,79,4,'Vitae expedita ex quibusdam alias quis dolorem. Omnis officia assumenda aperiam qui porro. Non dolorem voluptatem necessitatibus cum.\nDolores ut est et. Consequatur harum ut porro ullam atque nisi.',1,1,'2019-09-29 17:23:43'),(55,13,59,5,'Dolore eos at laborum maxime eos magnam. Quia praesentium quibusdam dolorum sunt qui pariatur. Eum dolorem quaerat consequatur cumque ut temporibus mollitia dignissimos.',0,1,'2012-02-18 04:00:53'),(56,40,33,4,'Eveniet harum magni ducimus molestiae. Consectetur dignissimos et laboriosam odio in rem perferendis. Laborum cumque nesciunt fuga itaque. Nulla quae quos explicabo molestias est repellendus ut.',0,0,'2017-10-18 05:39:41'),(57,65,17,7,'Maxime porro iure et ad qui maiores incidunt. Error nemo nobis odit earum recusandae. Est est ut minus fugit voluptatem blanditiis.',0,1,'2014-03-16 10:25:52'),(58,54,72,7,'Possimus molestiae et labore quia porro velit. Eum voluptatum est incidunt omnis. Blanditiis et quos et.',1,0,'2018-09-24 03:13:36'),(59,11,23,7,'Aliquid et incidunt voluptas eos. In veniam sed illum fuga laborum iure suscipit sunt. Quis et hic dolore nemo.',1,0,'2018-01-13 22:14:17'),(60,61,1,5,'Aut minus placeat adipisci voluptas porro et. Porro repellat molestiae exercitationem enim aliquam repudiandae vitae. Animi facilis distinctio quis rerum assumenda. Magni id quas quaerat consequatur.',0,1,'2016-12-19 00:38:14'),(61,78,49,3,'Voluptas quia eveniet quia blanditiis labore qui sapiente. Repudiandae eum quae voluptate animi. Voluptatem quos et id voluptatibus qui odio. Perferendis qui magnam id alias quidem aspernatur ullam.',0,1,'2019-05-27 01:21:08'),(62,39,50,2,'Pariatur rerum sit excepturi voluptatem molestiae numquam. Ipsa quo culpa praesentium occaecati ut reiciendis beatae aut. Voluptatum eos praesentium nobis enim veniam quos iure.',1,0,'2015-10-18 07:34:33'),(63,45,51,1,'Quia vitae accusamus fugit maxime nesciunt repellendus. Nobis ut qui eos architecto esse voluptatibus sequi. Earum veniam placeat enim est sunt qui et nisi.',0,1,'2014-09-14 04:53:07'),(64,40,82,5,'Iusto delectus voluptatum aut dolore corrupti enim. Voluptas ut nulla voluptas sed dolorem fugit. Aspernatur ut ea sequi laboriosam in sequi ut.',0,1,'2014-04-20 07:52:02'),(65,83,6,1,'Libero dolorem amet eum et repellat molestiae provident. Hic provident error amet et delectus et. Iste est quibusdam nihil veritatis similique. Id voluptas voluptatem eos quas laudantium.',0,0,'2018-10-20 02:14:58'),(66,70,33,1,'Est molestiae et quis commodi est id labore. Omnis qui quis reiciendis in. Ut soluta fugiat minus quae ut. Accusantium eos est corporis suscipit.',1,1,'2016-03-15 03:08:30'),(67,91,20,4,'Voluptatem minus quaerat eveniet autem doloribus aspernatur. Voluptatibus velit eos quae eum non facilis. Sapiente qui voluptatem dolore enim.',1,1,'2014-08-18 22:51:35'),(68,29,17,3,'Nobis aperiam fuga explicabo voluptas corporis eius. Dolorem ab ea quos ratione nihil illo. Qui sint fuga alias illum est qui ut.',1,1,'2016-12-19 22:26:20'),(69,40,62,6,'Sint maxime nostrum officiis enim et similique. Rerum in quasi dolorum. Quasi vel eius corporis accusantium. Voluptatem exercitationem voluptatem voluptas facere cumque.',0,0,'2012-07-04 14:55:05'),(70,92,96,8,'Ipsa quia eaque aut est est aut nulla. Et voluptas autem voluptas et et impedit qui. Quibusdam dicta error ab.',1,1,'2012-09-11 06:21:19'),(71,23,94,1,'Praesentium et ut amet non numquam magnam repudiandae. Magnam qui laboriosam eaque nobis ab. Quod error ipsum et et. Nihil sit aperiam ipsam et. Quis velit saepe itaque praesentium dignissimos.',0,1,'2016-09-26 04:06:31'),(72,6,54,4,'Magnam expedita unde reprehenderit et quia perspiciatis. Perspiciatis atque dolor nisi. Blanditiis dolor fugit enim rerum velit sunt et. Earum ea perspiciatis dolorum sit consequuntur.',1,0,'2020-03-17 07:51:33'),(73,83,20,3,'Deserunt iusto ut voluptatum. Corrupti ab animi omnis. Similique illum placeat qui quidem ut voluptas blanditiis.',0,0,'2012-02-02 08:02:52'),(74,17,92,4,'Eveniet dolor dolore eaque minima numquam qui dolorem. Odio odit aliquid aut. Fugiat alias aliquam consequatur sit sit eaque suscipit. Et qui ratione voluptas magnam tempora unde nam.',0,1,'2012-12-20 23:14:00'),(75,13,33,6,'Placeat quia esse ut quidem. Voluptas libero qui consequatur praesentium non. Molestias ratione ut tempora fugiat aperiam iste animi. Rem suscipit minima aliquid consequatur consectetur.',1,0,'2012-07-30 01:56:45'),(76,58,67,5,'Optio aut et iste et. Maiores sapiente quas odit minus labore.',1,1,'2020-02-05 19:32:03'),(77,58,25,9,'Et consectetur dolorum dolorem laborum neque beatae sit consectetur. Doloremque eos qui iure asperiores natus odio. Tempora ex dignissimos aliquid sint inventore voluptas.',1,0,'2011-06-15 03:45:26'),(78,29,50,8,'Et aperiam sit eveniet ducimus ullam. Est maiores laudantium aut iure aut sunt. Non ipsa quo aut ut cupiditate sed pariatur nihil. Cum numquam aut totam et.',0,1,'2017-01-13 13:58:15'),(79,49,93,8,'Et saepe laboriosam nulla cum esse dignissimos molestiae. Est laborum odit sed. Assumenda cupiditate voluptas deserunt consequatur rerum occaecati natus.',1,1,'2016-06-24 17:51:34'),(80,84,35,5,'Delectus quo sed natus deserunt maxime. Quam et nostrum eos. Quia occaecati animi quia dolor.',0,1,'2016-12-13 20:26:49'),(81,5,44,2,'Deserunt repudiandae nemo ea est aspernatur aut pariatur voluptates. Vitae modi et rerum minus quo ratione iusto. Mollitia porro vitae delectus sit voluptatibus ea.',1,1,'2015-03-09 19:25:12'),(82,34,6,1,'Ad placeat velit assumenda omnis quam. Aliquid illum repudiandae eaque quidem.',1,0,'2018-06-30 12:12:24'),(83,49,21,2,'Temporibus ea et autem sunt facilis. Et nisi voluptatibus omnis quas enim. Et asperiores unde tempore sit atque voluptas. Aut eligendi facilis accusamus cum ipsam qui.',0,0,'2013-11-14 05:27:53'),(84,75,66,6,'Esse quibusdam amet rerum quisquam laudantium sequi a. Vero autem ut sed architecto libero et. In eaque nihil omnis dignissimos saepe sapiente.',1,0,'2013-12-19 10:25:52'),(85,51,76,1,'Qui asperiores et aliquam consequatur. Ipsam doloribus nostrum ipsa culpa. Autem consectetur non dicta praesentium odit.',0,0,'2011-01-22 12:40:40'),(86,61,15,2,'Voluptas adipisci aliquam at molestias eum aliquid architecto at. Quidem et quia et. Atque voluptatem qui enim consequatur est possimus.',0,1,'2017-04-04 17:57:51'),(87,18,82,6,'Quisquam fugiat at consequatur eum commodi aut doloremque. Fugiat et eos possimus quibusdam. Odit quia ut non voluptas incidunt sed et.',0,1,'2015-12-20 06:45:19'),(88,69,50,6,'Harum eaque voluptatibus aliquid ut libero nihil dolores. Cum veritatis maxime perferendis mollitia aut similique. Officiis facere quod non est.',1,1,'2011-05-31 12:57:48'),(89,53,35,5,'Et aut ea non magni. Deserunt quaerat autem id exercitationem nulla iusto voluptatem doloribus. Odio vitae maiores quibusdam doloremque non accusamus.',0,1,'2016-07-30 08:16:05'),(90,29,91,8,'Et deleniti non molestiae recusandae. Vel est voluptatem suscipit possimus. Consectetur velit dignissimos provident animi et. Dolores ab quia illum eos.',1,1,'2017-06-28 17:09:27'),(91,51,48,1,'Iusto sequi vel aperiam odit perferendis. Aut aut qui ut repudiandae iure. Eos et tenetur et quidem ipsa quis illum. Nihil consectetur soluta consequatur neque iusto ipsum.',0,0,'2015-10-20 00:09:13'),(92,6,8,10,'Ipsam ratione ut quibusdam voluptatem. Suscipit rem consequuntur hic magnam facilis omnis. Consequatur maxime minus quo doloremque et.',0,0,'2015-10-15 04:20:37'),(93,27,93,5,'Eveniet ullam ullam ullam est modi aliquam. Quia fugiat enim sed tempore vitae. Ea nemo debitis totam ratione.',0,0,'2014-10-28 14:38:20'),(94,68,80,7,'Repellat alias dicta in sit natus voluptatum. Aspernatur rerum eos qui beatae vel. Sed autem mollitia quod expedita non ex aliquam incidunt. Eum nemo assumenda maxime dolor dolor.',1,1,'2019-08-24 11:59:21'),(95,99,67,9,'Accusantium vel amet incidunt. Neque ipsa rerum similique dolorem ut. Dolor quasi voluptas eum iste fuga aperiam quia. Et officia temporibus consequatur.',0,0,'2020-03-19 23:50:34'),(96,92,23,4,'Optio autem tempora est quos pariatur est. Suscipit iure neque tempore. Minima consequatur earum expedita. Voluptatibus dolorum culpa expedita et. Mollitia et voluptas aliquid sit ea.',0,1,'2011-02-24 14:56:53'),(97,56,90,4,'Iure quod totam eligendi tempore minima sit. Cum rem quasi natus non illo dolores.',1,0,'2011-03-16 04:02:09'),(98,34,27,10,'Magni recusandae corporis eos molestiae. Dolorem quos alias sint. Molestiae est ipsum sed et quibusdam pariatur enim vel.',1,0,'2019-03-10 03:09:27'),(99,89,34,3,'Cumque consequatur vero quidem. Ex illum blanditiis dolorem vel. Et necessitatibus impedit qui eius placeat.',1,0,'2016-11-21 16:59:53'),(100,28,87,5,'Nisi qui ex consequuntur sint aut quas rerum. Aut laborum aut est reprehenderit officia. Cum porro nam et veniam.',0,1,'2011-04-23 22:33:28');
/*!40000 ALTER TABLE `messages` ENABLE KEYS */;
UNLOCK TABLES;

--
-- Table structure for table `profiles`
--

DROP TABLE IF EXISTS `profiles`;
/*!40101 SET @saved_cs_client     = @@character_set_client */;
/*!50503 SET character_set_client = utf8mb4 */;
CREATE TABLE `profiles` (
  `user_id` int unsigned NOT NULL,
  `gender` char(1) CHARACTER SET utf8 COLLATE utf8_unicode_ci NOT NULL,
  `birthday` date DEFAULT NULL,
  `city` varchar(100) CHARACTER SET utf8 COLLATE utf8_unicode_ci DEFAULT NULL,
  `country` varchar(100) CHARACTER SET utf8 COLLATE utf8_unicode_ci DEFAULT NULL,
  `photo_id` int unsigned DEFAULT NULL,
  `created_at` datetime DEFAULT CURRENT_TIMESTAMP,
  `updated_at` datetime DEFAULT CURRENT_TIMESTAMP ON UPDATE CURRENT_TIMESTAMP,
  PRIMARY KEY (`user_id`)
) ENGINE=InnoDB DEFAULT CHARSET=utf8 COLLATE=utf8_unicode_ci;
/*!40101 SET character_set_client = @saved_cs_client */;

--
-- Dumping data for table `profiles`
--

LOCK TABLES `profiles` WRITE;
/*!40000 ALTER TABLE `profiles` DISABLE KEYS */;
INSERT INTO `profiles` VALUES (1,'m','2007-10-11','West Melisaview','Svalbard & Jan Mayen Islands',1,'2015-08-12 19:58:55','2020-04-27 15:12:45'),(2,'f','2014-05-25','Port Elbert','Tajikistan',NULL,'2018-10-27 21:45:32','2020-04-27 15:12:29'),(3,'f','1974-03-06','Emersonside','Guadeloupe',NULL,'2011-10-02 20:05:39','2020-04-27 15:12:29'),(4,'f','2004-06-03','Lemkeside','Gambia',NULL,'2016-05-21 17:53:50','2020-04-27 15:12:29'),(5,'f','1998-08-29','Pricemouth','Spain',5,'2014-02-23 08:04:02','2020-04-27 15:12:51'),(6,'m','2015-12-29','Jacobiland','Guernsey',6,'2015-06-01 04:57:14','2020-04-27 15:12:58'),(7,'f','1987-04-19','Hoppechester','Canada',NULL,'2012-07-24 06:24:35','2020-04-27 15:12:29'),(8,'m','1970-05-13','Lueilwitzshire','Saint Barthelemy',NULL,'2020-03-03 19:34:24','2020-04-27 15:12:29'),(9,'f','1975-07-03','North Hayley','Iceland',9,'2018-06-10 05:59:07','2020-04-27 15:13:15'),(10,'m','1983-07-11','Port Rollin','Mongolia',10,'2013-09-15 07:58:13','2020-04-27 15:13:22'),(11,'m','2008-01-24','Weimannton','Bouvet Island (Bouvetoya)',NULL,'2019-10-27 08:00:59','2020-04-27 15:12:29'),(12,'m','1982-04-13','Douglasview','Hungary',12,'2011-05-20 03:41:34','2020-04-27 15:13:28'),(13,'m','1974-08-20','Ardellaburgh','Cyprus',13,'2011-11-15 05:43:43','2020-04-27 15:13:51'),(14,'f','1999-06-27','Jerdeburgh','El Salvador',NULL,'2016-04-30 07:32:23','2020-04-27 15:12:29'),(15,'f','1990-01-21','Gloverbury','Niger',NULL,'2011-12-19 18:34:08','2020-04-27 15:12:29'),(16,'f','1991-08-30','Brooksbury','Germany',16,'2018-05-17 18:07:22','2020-04-27 15:13:58'),(17,'m','2019-01-02','Corkerystad','New Caledonia',17,'2019-08-16 11:11:15','2020-04-27 15:14:06'),(18,'f','1972-11-10','Bayertown','Namibia',18,'2012-05-15 09:39:12','2020-04-27 15:14:11'),(19,'m','1973-10-22','Yostshire','Cyprus',19,'2014-05-03 09:41:59','2020-04-27 15:14:19'),(20,'f','2003-03-24','Nickolasbury','British Virgin Islands',NULL,'2012-09-01 07:54:09','2020-04-27 15:12:29'),(21,'m','1989-11-10','South Zoiechester','Martinique',NULL,'2012-05-29 08:49:51','2020-04-27 15:12:29'),(22,'m','1985-12-03','Auroremouth','Austria',NULL,'2020-03-07 04:04:15','2020-04-27 15:12:29'),(23,'f','1973-08-01','O\'Kontown','Guadeloupe',NULL,'2019-12-26 09:33:57','2020-04-27 15:12:29'),(24,'m','1995-02-07','Larkinshire','Myanmar',24,'2015-10-23 00:13:37','2020-04-27 15:14:39'),(25,'f','2009-02-04','Giaport','Singapore',25,'2018-02-10 12:40:09','2020-04-27 15:14:45'),(26,'m','1991-10-04','Jaskolskiside','Slovakia (Slovak Republic)',NULL,'2016-05-18 10:51:46','2020-04-27 15:12:29'),(27,'m','2018-07-06','Corkerytown','Saint Pierre and Miquelon',NULL,'2011-07-16 08:36:51','2020-04-27 15:12:29'),(28,'f','2000-05-04','Richmondside','Hong Kong',NULL,'2015-08-09 11:01:31','2020-04-27 15:12:29'),(29,'f','2009-02-02','Rosettaberg','Switzerland',29,'2014-05-03 17:26:42','2020-04-27 15:14:51'),(30,'m','2018-01-14','West Dennisfort','Costa Rica',NULL,'2013-09-15 05:30:15','2020-04-27 15:12:29'),(31,'m','2003-05-06','East Nico','Israel',NULL,'2020-01-02 18:13:32','2020-04-27 15:12:29'),(32,'m','1977-05-09','Lake Cyrus','Canada',32,'2017-03-17 05:38:20','2020-04-27 15:15:09'),(33,'m','2018-08-01','Howardbury','Anguilla',NULL,'2014-10-09 12:47:20','2020-04-27 15:12:29'),(34,'m','2016-05-16','Magdalenview','New Zealand',NULL,'2019-07-22 15:09:31','2020-04-27 15:12:29'),(35,'m','1989-10-10','Kayceeview','Nigeria',NULL,'2012-12-11 07:19:50','2020-04-27 15:12:29'),(36,'m','1992-02-08','Lake Kenton','Serbia',NULL,'2014-09-26 09:20:02','2020-04-27 15:12:29'),(37,'m','1994-06-13','Minatown','Turks and Caicos Islands',NULL,'2013-04-19 17:19:20','2020-04-27 15:12:29'),(38,'m','1972-09-13','South Marisol','Yemen',NULL,'2013-05-19 15:54:21','2020-04-27 15:12:29'),(39,'m','1992-03-12','Lake Amie','Tunisia',39,'2018-05-10 00:09:35','2020-04-27 15:15:15'),(40,'f','1981-07-06','North Felicia','Maldives',NULL,'2014-09-09 06:27:41','2020-04-27 15:12:29'),(41,'m','2016-07-01','East Lupeport','Brazil',41,'2012-11-28 11:02:54','2020-04-27 15:15:38'),(42,'f','2007-07-17','Hammestown','Ecuador',42,'2011-06-17 20:42:44','2020-04-27 15:15:46'),(43,'m','2016-05-15','North Ezequiel','Oman',43,'2012-08-07 10:26:14','2020-04-27 15:15:52'),(44,'m','1982-01-01','Lake Arturo','Cocos (Keeling) Islands',NULL,'2017-11-29 10:18:49','2020-04-27 15:12:29'),(45,'m','2010-02-08','Aylaview','Cook Islands',NULL,'2012-02-25 23:31:24','2020-04-27 15:12:29'),(46,'f','1989-05-27','Audreyview','Sri Lanka',46,'2015-01-20 21:44:45','2020-04-27 15:16:11'),(47,'m','1978-10-09','Clarabellemouth','Myanmar',47,'2014-06-06 15:21:02','2020-04-27 15:16:16'),(48,'f','1983-06-10','Skylarview','Venezuela',NULL,'2014-07-14 21:31:02','2020-04-27 15:12:29'),(49,'m','1993-05-05','West Llewellyn','Martinique',49,'2014-11-19 06:21:49','2020-04-27 15:16:22'),(50,'f','1993-08-27','South Harmon','Namibia',NULL,'2011-02-07 04:57:24','2020-04-27 15:12:29'),(51,'m','1983-03-16','New Madyson','United States Virgin Islands',NULL,'2014-08-22 09:25:32','2020-04-27 15:12:29'),(52,'m','1982-10-24','Kochfurt','Costa Rica',NULL,'2015-03-13 14:12:47','2020-04-27 15:12:29'),(53,'m','1973-02-13','Osinskiborough','Colombia',NULL,'2011-04-18 11:39:57','2020-04-27 15:12:29'),(54,'f','1972-04-04','Emmaleeberg','Lao People\'s Democratic Republic',54,'2015-09-06 02:01:31','2020-04-27 15:16:41'),(55,'m','1987-09-22','Bergstrombury','Guyana',NULL,'2011-04-17 17:02:16','2020-04-27 15:12:29'),(56,'f','1978-06-21','Lake Bricemouth','Israel',NULL,'2011-09-03 02:27:25','2020-04-27 15:12:29'),(57,'m','1982-12-06','South Rogersside','Barbados',NULL,'2012-10-16 04:47:44','2020-04-27 15:12:29'),(58,'f','2010-05-18','New Mortonhaven','Thailand',58,'2014-06-05 23:50:45','2020-04-27 15:16:47'),(59,'f','1990-06-17','Port Huldaville','Marshall Islands',NULL,'2011-06-03 20:33:51','2020-04-27 15:12:29'),(60,'m','1995-12-22','Leilaburgh','Guam',NULL,'2017-08-08 01:16:44','2020-04-27 15:12:29'),(61,'f','1992-09-27','West Caesar','Madagascar',61,'2017-09-12 11:23:51','2020-04-27 15:18:48'),(62,'m','2006-10-23','Jimmytown','Mongolia',NULL,'2012-02-14 07:16:29','2020-04-27 15:12:29'),(63,'m','2005-04-04','Considineville','Niue',NULL,'2014-06-04 08:10:25','2020-04-27 15:12:29'),(64,'f','2002-07-09','North Tracy','Kiribati',NULL,'2018-04-26 15:09:28','2020-04-27 15:12:29'),(65,'f','2000-05-25','North Paula','Morocco',65,'2018-05-04 23:14:18','2020-04-27 15:19:09'),(66,'f','2003-07-21','West Jimmie','Sweden',66,'2013-03-07 03:19:14','2020-04-27 15:19:19'),(67,'m','1998-07-01','Jacobsonside','Saint Martin',67,'2018-07-21 06:47:20','2020-04-27 15:19:28'),(68,'m','2016-09-09','North Dessieport','South Georgia and the South Sandwich Islands',68,'2016-02-05 06:10:01','2020-04-27 15:19:36'),(69,'m','1995-06-07','Charleychester','Grenada',69,'2017-10-02 15:58:53','2020-04-27 15:19:45'),(70,'m','1990-10-23','West Trent','Myanmar',NULL,'2011-05-06 15:53:29','2020-04-27 15:12:29'),(71,'m','1989-06-24','New Stanfordberg','South Georgia and the South Sandwich Islands',NULL,'2015-04-15 17:52:32','2020-04-27 15:12:29'),(72,'m','2013-03-20','Hermannville','Germany',NULL,'2016-06-03 06:31:03','2020-04-27 15:12:29'),(73,'m','1994-11-29','Port Codymouth','Mayotte',73,'2012-08-04 01:47:08','2020-04-27 15:20:00'),(74,'f','1997-07-26','South Mckenzie','Thailand',NULL,'2012-03-29 16:16:19','2020-04-27 15:12:29'),(75,'f','2004-08-18','North Janieside','Faroe Islands',NULL,'2014-11-19 20:04:53','2020-04-27 15:12:29'),(76,'f','2018-04-03','Cassandreview','Yemen',76,'2017-07-06 22:33:28','2020-04-27 15:20:07'),(77,'f','1998-03-20','North Nico','Malaysia',77,'2014-09-24 22:52:30','2020-04-27 15:20:17'),(78,'f','2005-08-23','Port Hollisburgh','Norway',NULL,'2017-07-11 21:31:57','2020-04-27 15:12:29'),(79,'m','2015-05-26','New Madelynbury','Bahamas',79,'2010-05-26 20:19:04','2020-04-27 15:20:25'),(80,'f','1990-04-02','Kassulketown','Reunion',NULL,'2012-12-04 05:57:30','2020-04-27 15:12:29'),(81,'m','2007-12-01','North Paytonton','French Guiana',NULL,'2017-05-27 04:59:56','2020-04-27 15:12:29'),(82,'f','1972-12-19','West Delilahberg','Colombia',NULL,'2012-03-04 22:45:43','2020-04-27 15:12:29'),(83,'m','1983-07-01','Salvadorberg','Namibia',NULL,'2018-06-25 01:01:55','2020-04-27 15:12:29'),(84,'m','1981-04-22','Heathcotechester','Heard Island and McDonald Islands',84,'2019-05-18 07:26:36','2020-04-27 15:20:38'),(85,'m','1995-03-16','West Tomas','Monaco',NULL,'2020-01-25 11:07:45','2020-04-27 15:12:29'),(86,'m','1998-02-19','Port Kristintown','Jamaica',NULL,'2015-10-26 16:23:35','2020-04-27 15:12:29'),(87,'m','1984-12-17','Kyletown','Togo',87,'2014-10-28 00:20:02','2020-04-27 15:20:46'),(88,'f','2006-02-03','Lake Donna','Svalbard & Jan Mayen Islands',88,'2018-09-10 15:15:52','2020-04-27 15:20:52'),(89,'m','2017-08-27','Cathrineport','Saint Vincent and the Grenadines',NULL,'2019-08-27 00:18:09','2020-04-27 15:12:29'),(90,'m','1986-08-24','Lake Aurelia','Monaco',NULL,'2015-12-31 06:38:15','2020-04-27 15:12:29'),(91,'f','2013-03-30','Lake Antone','Netherlands Antilles',NULL,'2016-02-07 03:10:14','2020-04-27 15:12:29'),(92,'f','1991-01-23','New Markusland','Montserrat',92,'2013-11-20 10:19:51','2020-04-27 15:21:05'),(93,'f','1984-09-27','New Johnpaulstad','Luxembourg',93,'2014-10-26 11:39:35','2020-04-27 15:21:18'),(94,'f','1970-03-17','Rodriguezton','Kyrgyz Republic',NULL,'2016-01-29 02:51:34','2020-04-27 15:12:29'),(95,'m','1994-01-24','New Gordon','Kenya',95,'2017-04-27 08:44:10','2020-04-27 15:21:26'),(96,'m','1992-11-21','West Brody','Norfolk Island',96,'2018-06-17 20:16:26','2020-04-27 15:21:37'),(97,'f','1997-10-02','North Mary','Micronesia',NULL,'2012-08-30 08:31:48','2020-04-27 15:12:29'),(98,'f','2013-05-28','Marquardtmouth','Anguilla',98,'2013-04-07 08:53:26','2020-04-27 15:21:45'),(99,'m','1991-11-21','Abigayleborough','Somalia',NULL,'2014-07-05 11:34:25','2020-04-27 15:12:29'),(100,'f','1978-08-14','North Manleymouth','Ireland',100,'2013-11-20 05:27:28','2020-04-27 15:22:02');
/*!40000 ALTER TABLE `profiles` ENABLE KEYS */;
UNLOCK TABLES;

--
-- Table structure for table `users`
--

DROP TABLE IF EXISTS `users`;
/*!40101 SET @saved_cs_client     = @@character_set_client */;
/*!50503 SET character_set_client = utf8mb4 */;
CREATE TABLE `users` (
  `id` int unsigned NOT NULL AUTO_INCREMENT,
  `first_name` varchar(100) CHARACTER SET utf8 COLLATE utf8_unicode_ci NOT NULL,
  `last_name` varchar(100) CHARACTER SET utf8 COLLATE utf8_unicode_ci NOT NULL,
  `email` varchar(120) CHARACTER SET utf8 COLLATE utf8_unicode_ci NOT NULL,
  `phone` varchar(120) CHARACTER SET utf8 COLLATE utf8_unicode_ci NOT NULL,
  `created_at` datetime DEFAULT CURRENT_TIMESTAMP,
  `updated_at` datetime DEFAULT CURRENT_TIMESTAMP ON UPDATE CURRENT_TIMESTAMP,
  PRIMARY KEY (`id`),
  UNIQUE KEY `email` (`email`),
  UNIQUE KEY `phone` (`phone`)
) ENGINE=InnoDB AUTO_INCREMENT=101 DEFAULT CHARSET=utf8 COLLATE=utf8_unicode_ci;
/*!40101 SET character_set_client = @saved_cs_client */;

--
-- Dumping data for table `users`
--

LOCK TABLES `users` WRITE;
/*!40000 ALTER TABLE `users` DISABLE KEYS */;
INSERT INTO `users` VALUES (1,'Kiel','Auer','sipes.maddison@example.com','860.222.8321','2019-12-13 11:23:06','2020-04-26 18:26:44'),(2,'Kale','Swift','zwilkinson@example.net','163.098.1140','2010-10-05 05:15:03','2016-07-14 19:39:57'),(3,'Francesco','Yundt','amalia.kuvalis@example.net','807.116.6857','2010-05-03 14:12:33','2018-02-20 09:19:34'),(4,'Melyna','Keeling','timothy62@example.net','1-621-097-2386','2019-09-11 08:00:16','2020-04-26 18:26:44'),(5,'Delia','Wolf','milan.emmerich@example.org','(279)049-1046x7118','2013-08-11 15:47:06','2020-04-26 18:26:44'),(6,'Elfrieda','Cartwright','marielle31@example.com','01378832946','2018-04-03 05:45:04','2020-04-26 18:26:44'),(7,'Annie','Thiel','ankunding.meagan@example.com','(811)176-8782','2019-09-10 14:47:47','2020-04-26 18:26:44'),(8,'Skye','Willms','jimmy.grimes@example.com','(037)542-8497','2016-08-27 08:28:35','2017-05-20 03:43:26'),(9,'Daphney','Graham','cordell.cremin@example.com','293-618-6884','2019-06-05 03:08:56','2020-04-26 18:26:44'),(10,'Kaylie','Doyle','erunolfsson@example.com','1-432-014-1105x980','2015-10-08 00:03:22','2017-12-18 22:05:59'),(11,'Mateo','Kulas','cking@example.org','1-520-133-8618x37497','2019-06-07 08:50:41','2020-04-26 18:26:44'),(12,'Jasen','Hegmann','osmith@example.net','1-403-695-0208','2013-01-15 12:29:29','2017-03-09 07:25:14'),(13,'Neoma','Ullrich','kjohnson@example.com','+88(8)6670597552','2012-12-11 21:55:00','2016-10-31 02:16:54'),(14,'Shana','Nienow','rschuppe@example.org','826-162-7080','2010-10-22 20:14:10','2012-09-24 03:53:20'),(15,'Joelle','Kessler','jluettgen@example.com','(518)990-8510x36029','2016-04-06 03:13:43','2017-06-22 23:10:29'),(16,'Leila','Sauer','reynolds.emil@example.net','1-429-867-6544x160','2019-04-15 21:55:12','2020-04-26 18:26:44'),(17,'Skye','Morissette','ortiz.georgianna@example.com','195-139-5560x6247','2014-12-23 11:03:50','2020-04-26 18:26:44'),(18,'Jacky','Upton','hkris@example.com','07863257482','2017-03-04 10:01:38','2019-04-22 05:03:05'),(19,'Gunner','Stoltenberg','sroberts@example.com','513.507.6166','2013-10-13 14:17:01','2020-01-29 20:53:14'),(20,'Cloyd','Botsford','brandt.schmitt@example.net','+16(9)9818917809','2012-09-16 11:53:00','2016-09-28 09:03:55'),(21,'Marcelina','Wisozk','gaylord03@example.org','162-036-4863','2014-11-21 20:54:21','2016-04-01 22:00:08'),(22,'Florencio','Runte','lukas92@example.org','619.749.2601x378','2017-11-11 04:10:07','2020-04-26 18:26:44'),(23,'Rocio','Koepp','oceane.gorczany@example.net','1-187-358-4715','2018-01-19 21:37:24','2020-04-26 18:26:44'),(24,'Donna','Baumbach','schmitt.lorenz@example.org','1-487-871-4903x33489','2019-09-27 13:24:18','2020-04-26 18:26:44'),(25,'Wilhelmine','Sanford','nhagenes@example.org','1-323-128-2542x7857','2020-03-10 18:27:56','2020-04-26 18:26:44'),(26,'Tatyana','Mohr','raphael00@example.org','884.212.7544','2016-03-31 15:08:13','2020-04-26 18:26:44'),(27,'Edna','Powlowski','uziemann@example.org','439.039.5403','2011-11-09 06:34:04','2020-04-26 18:26:44'),(28,'Garth','Nikolaus','evie.wiegand@example.com','(203)713-8726x04055','2019-02-12 08:58:39','2020-04-26 18:26:44'),(29,'Pablo','Hettinger','schneider.syble@example.org','(380)544-2403x84810','2012-11-10 08:42:34','2017-11-29 09:10:32'),(30,'Jana','Altenwerth','louvenia.smitham@example.net','1-901-861-4044','2016-10-22 16:21:31','2019-08-22 15:13:40'),(31,'Woodrow','Grady','caleb.brakus@example.com','+29(8)1212559508','2016-02-28 20:26:33','2020-04-26 18:26:44'),(32,'Rebekah','Maggio','margarita.cormier@example.org','1-459-312-3614x47614','2019-02-20 07:19:23','2020-04-26 18:26:44'),(33,'Helmer','Lakin','xzavier.o\'kon@example.com','262-684-7054x545','2013-09-01 18:33:00','2017-08-21 06:32:50'),(34,'Urban','Friesen','treutel.raoul@example.org','1-922-656-3777x351','2012-10-31 02:44:17','2013-08-13 07:40:01'),(35,'Larry','Gibson','pfannerstill.aylin@example.net','702-187-8105x177','2012-06-16 02:23:29','2015-07-22 07:12:01'),(36,'Cleveland','Mayert','fredrick.zulauf@example.org','012.492.5202x062','2020-03-30 03:59:18','2020-04-26 18:26:44'),(37,'Kory','Kessler','rita.langworth@example.net','(730)450-1320','2018-09-11 07:13:55','2018-10-16 05:35:23'),(38,'Wilhelmine','Goodwin','kathryne.yundt@example.org','+71(4)0083717523','2013-06-16 10:28:16','2018-09-12 02:11:50'),(39,'Hellen','Greenholt','rosalinda.stanton@example.net','(015)954-9577x56811','2014-08-29 06:55:07','2020-04-26 18:26:44'),(40,'Felipa','Bergnaum','vivianne.dooley@example.net','+19(4)8776691788','2013-04-25 07:36:38','2020-04-26 18:26:44'),(41,'Myrtis','Rippin','crona.christopher@example.net','(411)909-3914x3698','2015-01-07 20:16:23','2017-08-28 23:09:40'),(42,'Muhammad','Luettgen','vito.gutkowski@example.net','+46(1)1235314598','2018-12-02 07:43:08','2020-04-26 18:26:44'),(43,'Esperanza','Lubowitz','willis46@example.net','594-829-9624','2014-04-02 19:04:26','2014-04-14 02:36:25'),(44,'Randi','Reichert','cortney64@example.com','03458478586','2015-06-26 12:20:21','2020-04-26 18:26:44'),(45,'Hilton','Kirlin','watsica.rasheed@example.com','+06(4)5788807464','2018-12-23 02:02:19','2020-04-26 18:26:44'),(46,'Kristoffer','Wehner','owaters@example.org','097.597.0800x560','2012-10-01 08:05:52','2020-01-22 03:56:51'),(47,'Rocio','Rowe','irma28@example.org','1-314-540-6921x777','2017-07-11 18:53:50','2019-07-12 13:11:23'),(48,'Josiah','Jones','rwaters@example.org','669.514.0952x193','2011-12-24 20:43:35','2020-04-26 18:26:44'),(49,'Kaylee','Yost','ryan.carley@example.org','1-161-413-7343','2010-05-03 05:43:01','2013-10-04 06:12:43'),(50,'Pat','Hodkiewicz','snienow@example.org','(371)081-0972x924','2010-11-29 11:33:17','2011-09-25 10:08:55'),(51,'Darrel','Stark','xkonopelski@example.net','289.268.8836x49410','2011-06-13 18:55:41','2013-06-15 10:06:07'),(52,'Lorenzo','Quitzon','hcormier@example.org','409-189-3730','2011-12-17 19:14:55','2017-10-16 08:31:38'),(53,'Lou','Turcotte','jonathon.corkery@example.com','(624)830-0928','2013-12-24 15:49:29','2020-04-26 18:26:44'),(54,'Sienna','Fisher','yundt.emelie@example.org','(138)651-5550x6117','2019-01-11 22:55:46','2020-04-26 18:26:44'),(55,'Brad','Smith','alec56@example.net','331-335-9957','2017-06-25 00:04:02','2020-04-26 18:26:44'),(56,'Dayna','Spencer','ahermiston@example.net','411-841-3911x256','2019-10-05 14:14:27','2020-04-26 18:26:44'),(57,'Hector','Cruickshank','fletcher.cronin@example.net','(095)252-4767x95774','2012-10-20 08:21:48','2012-10-22 05:09:14'),(58,'Elisha','Connelly','grimes.alva@example.com','1-785-369-3019x3795','2018-02-13 22:35:23','2020-04-26 18:26:44'),(59,'Lilla','Satterfield','tillman92@example.org','(465)773-8982','2014-02-02 17:09:55','2017-06-18 18:38:37'),(60,'Tyra','Walker','block.aida@example.com','762.238.3157x3117','2010-10-29 05:02:55','2016-06-03 03:20:25'),(61,'Devon','Kerluke','glover.hester@example.com','(893)119-6172x10351','2019-07-29 16:50:43','2020-04-26 18:26:44'),(62,'Camryn','Ankunding','zkovacek@example.com','482-935-8046','2019-08-04 06:47:47','2020-04-26 18:26:44'),(63,'Miles','Cole','mason62@example.com','(241)115-3817','2011-06-29 06:17:03','2011-09-15 07:49:13'),(64,'Georgiana','Langosh','paucek.marco@example.com','331.706.5834','2017-08-26 11:39:47','2020-04-26 18:26:44'),(65,'Joe','Kreiger','karson89@example.org','(176)274-0871x813','2013-06-29 18:26:58','2019-10-30 12:48:43'),(66,'Novella','Gleason','quitzon.elenora@example.net','996-900-0880x8952','2017-09-08 14:04:44','2020-04-26 18:26:44'),(67,'Mazie','Powlowski','ludwig63@example.net','07529182128','2020-02-16 07:46:24','2020-04-26 18:26:44'),(68,'Chasity','O\'Connell','furman76@example.net','(246)569-1901','2013-08-18 20:42:42','2020-03-14 18:51:16'),(69,'Blanche','Keeling','stehr.corbin@example.org','04955740204','2018-05-22 00:31:33','2020-04-26 18:26:44'),(70,'Isom','Boyle','kozey.jordon@example.net','02572724763','2019-09-22 09:13:50','2020-04-26 18:26:44'),(71,'Pearlie','Thompson','brannon.price@example.org','+42(5)5574344045','2018-09-03 12:17:20','2020-04-26 18:26:44'),(72,'Michele','Schultz','oliver.bednar@example.com','(612)453-0035x2758','2017-10-12 04:27:39','2019-09-07 01:54:32'),(73,'Faye','Friesen','welch.elroy@example.com','268.145.4120x699','2017-01-21 17:56:02','2020-04-26 18:26:44'),(74,'Brennon','Schamberger','pschinner@example.net','(815)535-6596x08175','2013-02-18 20:56:33','2020-04-26 18:26:44'),(75,'Karli','Schulist','dhowell@example.net','1-518-872-8910','2017-12-05 08:34:59','2018-10-03 14:45:25'),(76,'Mitchel','Casper','kailey.abbott@example.net','577.227.8990x83077','2011-07-03 17:48:44','2020-04-26 18:26:44'),(77,'Savion','Kling','gdibbert@example.com','(202)013-0252x089','2017-04-02 18:05:44','2019-06-24 12:24:07'),(78,'Annabelle','Marquardt','zion.balistreri@example.net','+08(1)1966870206','2015-12-28 03:22:05','2020-04-26 18:26:44'),(79,'Lesly','Zulauf','bschmidt@example.com','779-200-3593x49140','2019-04-17 04:53:09','2020-04-26 18:26:44'),(80,'Kaleigh','Bogan','markus.wilderman@example.org','497.311.8429','2012-12-08 09:46:37','2020-04-26 18:26:44'),(81,'Lyla','Parker','qlegros@example.com','654-237-7733x863','2015-08-20 15:48:18','2018-03-29 04:13:29'),(82,'Dorris','Wilderman','gleason.eleanora@example.net','056.119.4839x5122','2015-01-27 04:13:10','2020-04-26 18:26:44'),(83,'Arvilla','Kuphal','katharina98@example.org','(586)190-3153','2011-12-03 08:22:47','2018-01-20 11:00:51'),(84,'Vivien','Kihn','moore.dayna@example.org','895.955.3687x260','2013-08-06 10:55:24','2017-06-15 13:41:39'),(85,'Jules','Rolfson','weissnat.name@example.net','(924)442-4662x614','2015-04-18 08:46:15','2016-09-09 13:57:47'),(86,'Jonathan','Hackett','hyatt.noe@example.net','653.882.2360x77478','2015-04-29 07:05:44','2015-07-02 23:26:50'),(87,'Kyle','Powlowski','kenyatta44@example.net','033-677-8747','2015-08-01 22:39:17','2018-03-28 06:38:47'),(88,'Laisha','Ruecker','msteuber@example.net','1-032-851-6734x799','2018-04-15 18:45:22','2018-07-04 03:45:34'),(89,'Abel','Ryan','finn18@example.org','697.928.8745x740','2016-09-12 11:04:10','2020-04-26 18:26:44'),(90,'Barney','Daniel','corkery.willow@example.org','1-280-280-9620','2011-04-07 05:11:46','2011-11-29 01:37:33'),(91,'Faustino','Wisoky','kgoldner@example.com','1-836-435-4984','2017-02-18 03:53:23','2020-04-26 18:26:44'),(92,'Clotilde','Kohler','solson@example.org','026-348-6020x08450','2012-02-03 23:37:34','2020-04-26 18:26:44'),(93,'Aurelie','VonRueden','alyson96@example.com','371.918.4032','2018-11-05 21:27:14','2020-04-26 18:26:44'),(94,'Jeff','Von','hsteuber@example.net','(664)594-8863x9653','2016-07-14 09:26:00','2017-07-22 07:05:09'),(95,'Mekhi','Howell','nolan.michelle@example.com','03314505417','2017-08-21 07:01:22','2020-04-26 18:26:44'),(96,'Della','Hauck','xpollich@example.com','(597)100-3410x281','2010-10-27 18:13:46','2020-04-26 18:26:44'),(97,'Tyshawn','Blanda','lura.kuhic@example.com','1-345-917-0500','2019-05-07 02:01:54','2020-04-26 18:26:44'),(98,'Prince','Blanda','botsford.magali@example.net','+07(2)0061715352','2017-08-21 22:55:40','2020-04-26 18:26:44'),(99,'Otha','Spencer','ross01@example.com','1-022-868-3841x856','2012-09-09 17:32:58','2020-04-26 18:26:44'),(100,'Elijah','Tillman','upton.gennaro@example.com','09968818892','2015-02-17 01:08:58','2019-04-07 04:18:43');
/*!40000 ALTER TABLE `users` ENABLE KEYS */;
UNLOCK TABLES;
/*!40103 SET TIME_ZONE=@OLD_TIME_ZONE */;

/*!40101 SET SQL_MODE=@OLD_SQL_MODE */;
/*!40014 SET FOREIGN_KEY_CHECKS=@OLD_FOREIGN_KEY_CHECKS */;
/*!40014 SET UNIQUE_CHECKS=@OLD_UNIQUE_CHECKS */;
/*!40101 SET CHARACTER_SET_CLIENT=@OLD_CHARACTER_SET_CLIENT */;
/*!40101 SET CHARACTER_SET_RESULTS=@OLD_CHARACTER_SET_RESULTS */;
/*!40101 SET COLLATION_CONNECTION=@OLD_COLLATION_CONNECTION */;
/*!40111 SET SQL_NOTES=@OLD_SQL_NOTES */;

-- Dump completed on 2020-04-28 10:02:51
