-- MySQL dump 10.13  Distrib 8.0.19, for Linux (x86_64)
--
-- Host: localhost    Database: vk
-- ------------------------------------------------------
-- Server version	8.0.19

/*!40101 SET @OLD_CHARACTER_SET_CLIENT=@@CHARACTER_SET_CLIENT */;
/*!40101 SET @OLD_CHARACTER_SET_RESULTS=@@CHARACTER_SET_RESULTS */;
/*!40101 SET @OLD_COLLATION_CONNECTION=@@COLLATION_CONNECTION */;
/*!50503 SET NAMES utf8mb4 */;
/*!40103 SET @OLD_TIME_ZONE=@@TIME_ZONE */;
/*!40103 SET TIME_ZONE='+00:00' */;
/*!40014 SET @OLD_UNIQUE_CHECKS=@@UNIQUE_CHECKS, UNIQUE_CHECKS=0 */;
/*!40014 SET @OLD_FOREIGN_KEY_CHECKS=@@FOREIGN_KEY_CHECKS, FOREIGN_KEY_CHECKS=0 */;
/*!40101 SET @OLD_SQL_MODE=@@SQL_MODE, SQL_MODE='NO_AUTO_VALUE_ON_ZERO' */;
/*!40111 SET @OLD_SQL_NOTES=@@SQL_NOTES, SQL_NOTES=0 */;

--
-- Table structure for table `communities`
--

DROP TABLE IF EXISTS `communities`;
/*!40101 SET @saved_cs_client     = @@character_set_client */;
/*!50503 SET character_set_client = utf8mb4 */;
CREATE TABLE `communities` (
  `id` int unsigned NOT NULL AUTO_INCREMENT,
  `name` varchar(150) CHARACTER SET utf8 COLLATE utf8_unicode_ci NOT NULL,
  PRIMARY KEY (`id`),
  UNIQUE KEY `name` (`name`)
) ENGINE=InnoDB AUTO_INCREMENT=11 DEFAULT CHARSET=utf8 COLLATE=utf8_unicode_ci;
/*!40101 SET character_set_client = @saved_cs_client */;

--
-- Dumping data for table `communities`
--

LOCK TABLES `communities` WRITE;
/*!40000 ALTER TABLE `communities` DISABLE KEYS */;
INSERT INTO `communities` VALUES (6,'animi'),(4,'aut'),(5,'fuga'),(2,'libero'),(9,'molestias'),(10,'nisi'),(8,'recusandae'),(7,'sed'),(1,'ut'),(3,'voluptatem');
/*!40000 ALTER TABLE `communities` ENABLE KEYS */;
UNLOCK TABLES;

--
-- Table structure for table `communities_users`
--

DROP TABLE IF EXISTS `communities_users`;
/*!40101 SET @saved_cs_client     = @@character_set_client */;
/*!50503 SET character_set_client = utf8mb4 */;
CREATE TABLE `communities_users` (
  `community_id` int unsigned NOT NULL,
  `user_id` int unsigned NOT NULL,
  PRIMARY KEY (`community_id`,`user_id`)
) ENGINE=InnoDB DEFAULT CHARSET=utf8 COLLATE=utf8_unicode_ci;
/*!40101 SET character_set_client = @saved_cs_client */;

--
-- Dumping data for table `communities_users`
--

LOCK TABLES `communities_users` WRITE;
/*!40000 ALTER TABLE `communities_users` DISABLE KEYS */;
INSERT INTO `communities_users` VALUES (1,1),(1,11),(1,21),(1,31),(1,41),(1,51),(1,61),(1,71),(1,81),(1,91),(2,2),(2,12),(2,22),(2,32),(2,42),(2,52),(2,62),(2,72),(2,82),(2,92),(3,3),(3,13),(3,23),(3,33),(3,43),(3,53),(3,63),(3,73),(3,83),(3,93),(4,4),(4,14),(4,24),(4,34),(4,44),(4,54),(4,64),(4,74),(4,84),(4,94),(5,5),(5,15),(5,25),(5,35),(5,45),(5,55),(5,65),(5,75),(5,85),(5,95),(6,6),(6,16),(6,26),(6,36),(6,46),(6,56),(6,66),(6,76),(6,86),(6,96),(7,7),(7,17),(7,27),(7,37),(7,47),(7,57),(7,67),(7,77),(7,87),(7,97),(8,8),(8,18),(8,28),(8,38),(8,48),(8,58),(8,68),(8,78),(8,88),(8,98),(9,9),(9,19),(9,29),(9,39),(9,49),(9,59),(9,69),(9,79),(9,89),(9,99),(10,10),(10,20),(10,30),(10,40),(10,50),(10,60),(10,70),(10,80),(10,90),(10,100);
/*!40000 ALTER TABLE `communities_users` ENABLE KEYS */;
UNLOCK TABLES;

--
-- Table structure for table `friendship`
--

DROP TABLE IF EXISTS `friendship`;
/*!40101 SET @saved_cs_client     = @@character_set_client */;
/*!50503 SET character_set_client = utf8mb4 */;
CREATE TABLE `friendship` (
  `user_id` int unsigned NOT NULL,
  `friend_id` int unsigned NOT NULL,
  `status_id` int unsigned NOT NULL,
  `requested_at` datetime DEFAULT CURRENT_TIMESTAMP,
  `confirmed_at` datetime DEFAULT NULL,
  PRIMARY KEY (`user_id`,`friend_id`)
) ENGINE=InnoDB DEFAULT CHARSET=utf8 COLLATE=utf8_unicode_ci;
/*!40101 SET character_set_client = @saved_cs_client */;

--
-- Dumping data for table `friendship`
--

LOCK TABLES `friendship` WRITE;
/*!40000 ALTER TABLE `friendship` DISABLE KEYS */;
INSERT INTO `friendship` VALUES (1,68,2,'2017-12-26 16:59:33','2019-11-21 15:09:57'),(2,6,1,'2012-01-14 01:17:14','2019-08-16 14:56:30'),(3,42,1,'2010-05-05 00:59:00','2016-01-25 17:20:43'),(4,41,1,'2018-08-05 20:08:03','2014-09-10 03:14:22'),(5,88,2,'2013-03-16 20:49:35','2018-03-13 18:58:22'),(6,97,2,'2018-09-23 14:12:09','2012-07-31 04:15:18'),(7,10,1,'2011-08-26 10:29:35','2015-06-23 22:55:36'),(8,3,1,'2015-02-26 15:18:54','2010-11-07 09:52:31'),(9,25,1,'2012-12-04 10:47:33','2014-07-09 02:21:29'),(10,44,2,'2015-03-11 12:53:44','2014-11-11 01:50:20'),(11,63,2,'2015-12-13 12:00:22','2012-09-16 11:44:17'),(12,95,2,'2013-03-30 04:17:45','2012-11-01 23:49:51'),(13,98,2,'2013-02-13 02:26:41','2017-01-25 07:47:48'),(14,39,2,'2016-08-04 21:23:21','2017-09-12 07:28:14'),(15,38,1,'2014-10-22 00:13:09','2013-12-23 18:36:09'),(16,27,1,'2019-08-12 00:58:46','2019-06-08 22:17:41'),(17,50,2,'2011-03-26 00:56:25','2010-05-14 14:39:48'),(18,72,1,'2011-07-10 04:00:24','2017-08-28 22:34:22'),(19,40,1,'2012-04-06 18:48:05','2010-12-20 22:11:28'),(20,81,1,'2017-07-03 07:50:11','2014-04-29 09:08:03'),(21,48,2,'2014-12-14 10:22:02','2012-04-27 06:40:39'),(22,71,1,'2014-02-02 00:31:24','2016-10-15 02:21:26'),(23,37,1,'2011-07-07 06:35:56','2013-02-04 03:00:02'),(24,34,1,'2017-01-30 14:03:50','2013-07-20 08:05:27'),(25,65,2,'2017-01-07 14:32:03','2015-08-24 18:11:44'),(26,33,1,'2015-03-01 14:56:00','2019-05-02 00:18:50'),(27,5,2,'2012-01-18 20:33:36','2014-05-08 10:43:24'),(28,82,2,'2011-08-26 01:42:38','2014-06-27 03:22:26'),(29,100,1,'2011-11-01 02:22:44','2012-07-03 19:52:51'),(30,85,1,'2012-06-26 09:11:48','2015-07-26 18:09:45'),(31,30,1,'2018-10-23 09:40:37','2015-03-23 20:52:10'),(32,89,1,'2013-08-25 16:15:39','2010-08-27 16:32:01'),(33,13,1,'2012-12-08 00:56:31','2014-04-19 14:57:57'),(34,84,2,'2010-09-27 14:25:10','2012-11-23 13:07:48'),(35,54,1,'2016-04-11 16:32:55','2017-06-18 10:29:17'),(36,8,2,'2015-03-04 10:07:44','2019-11-22 05:43:57'),(37,76,2,'2012-08-15 04:03:50','2016-04-29 10:22:18'),(38,87,2,'2015-03-05 05:08:01','2012-01-24 08:13:36'),(39,75,1,'2018-12-01 07:58:36','2011-08-02 11:19:11'),(40,17,2,'2018-08-26 18:17:18','2013-07-03 08:06:42'),(41,16,2,'2015-08-07 01:05:20','2011-02-20 14:09:15'),(42,36,2,'2012-09-23 02:52:47','2012-09-22 14:16:39'),(43,19,2,'2019-07-04 13:09:46','2012-07-23 11:48:39'),(44,92,1,'2019-03-04 11:44:04','2017-08-02 12:54:57'),(45,11,1,'2013-07-17 01:35:21','2014-07-14 07:27:31'),(46,86,2,'2014-08-25 09:48:34','2011-02-02 15:56:08'),(47,73,1,'2019-02-15 08:08:59','2012-01-13 07:00:54'),(48,29,2,'2013-05-13 15:00:06','2012-09-27 21:15:57'),(49,74,2,'2011-04-11 04:13:42','2014-05-16 04:11:06'),(50,23,1,'2017-09-16 10:42:19','2015-12-23 18:12:47'),(51,47,1,'2010-07-12 11:49:29','2019-06-24 11:54:09'),(52,2,1,'2016-08-22 11:48:22','2011-12-24 22:16:39'),(53,45,2,'2011-11-02 22:22:08','2013-08-28 06:13:12'),(54,80,2,'2018-06-10 21:07:30','2018-06-02 19:01:10'),(55,96,1,'2016-03-05 19:45:56','2011-04-29 08:18:30'),(56,59,1,'2019-06-02 17:04:41','2020-03-10 10:43:21'),(57,22,2,'2013-04-23 00:49:00','2019-12-22 18:59:31'),(58,14,1,'2014-03-29 19:58:24','2018-10-21 16:44:48'),(59,77,1,'2016-12-24 18:48:47','2018-01-24 12:33:34'),(60,49,2,'2019-10-03 14:17:21','2017-04-11 22:50:42'),(61,57,1,'2018-10-07 10:50:35','2018-05-04 03:11:56'),(62,93,1,'2016-12-04 05:54:09','2017-12-23 15:23:39'),(63,20,1,'2015-11-14 16:32:33','2017-09-10 01:57:17'),(64,83,2,'2012-04-13 09:17:54','2020-03-02 10:27:40'),(65,56,2,'2018-09-16 07:13:45','2016-09-14 22:57:59'),(66,4,1,'2018-09-10 20:36:30','2015-09-06 14:43:29'),(67,35,2,'2012-01-18 12:32:36','2018-10-22 22:55:47'),(68,24,2,'2014-03-17 08:01:22','2014-05-27 05:10:14'),(69,26,1,'2014-08-08 05:44:13','2018-12-04 23:17:56'),(70,21,2,'2011-03-24 01:56:00','2016-12-14 18:13:13'),(71,94,2,'2020-01-18 23:22:45','2013-01-04 19:51:11'),(72,51,2,'2014-09-02 14:38:41','2020-01-20 08:47:12'),(73,18,2,'2010-07-02 23:01:02','2010-07-02 03:19:44'),(74,78,2,'2011-12-26 05:53:58','2012-07-15 14:41:14'),(75,67,1,'2019-09-20 01:21:03','2012-04-23 10:12:03'),(76,61,2,'2013-07-16 18:44:50','2010-12-12 09:41:31'),(77,7,2,'2014-11-08 06:00:36','2013-10-10 22:17:23'),(78,52,1,'2018-09-30 03:19:23','2014-04-22 00:14:23'),(79,66,2,'2017-01-22 09:23:38','2013-05-05 09:27:16'),(80,46,1,'2012-05-25 23:40:40','2014-01-28 11:01:03'),(81,32,2,'2012-06-10 13:54:09','2010-11-12 18:27:58'),(82,12,2,'2011-02-24 07:33:57','2013-06-28 05:48:05'),(83,70,2,'2012-04-12 18:05:46','2011-12-19 23:14:18'),(84,28,2,'2015-03-06 20:57:16','2014-10-28 11:33:21'),(85,99,2,'2013-05-13 04:59:19','2015-02-19 15:25:50'),(86,43,2,'2014-06-10 17:29:59','2012-09-16 08:56:22'),(87,9,2,'2018-05-24 04:51:42','2019-11-26 22:48:42'),(88,91,2,'2016-05-02 18:40:24','2013-02-20 01:39:13'),(89,79,1,'2018-09-25 18:20:14','2013-01-03 05:50:39'),(90,60,2,'2018-12-20 05:08:17','2017-07-03 21:57:36'),(91,53,1,'2014-05-17 22:30:15','2015-04-13 21:50:07'),(92,62,1,'2011-09-05 23:41:26','2015-01-27 10:49:55'),(93,15,2,'2017-01-29 20:57:47','2016-01-08 08:06:46'),(94,58,1,'2012-01-14 23:13:48','2010-09-14 12:06:12'),(95,31,1,'2015-07-14 02:31:11','2019-05-03 08:49:50'),(96,64,1,'2014-09-23 01:34:00','2014-02-09 14:21:36'),(97,69,2,'2011-01-15 10:39:05','2016-03-13 20:52:09'),(98,90,2,'2015-09-21 03:59:47','2015-12-02 20:01:10'),(99,55,2,'2019-03-12 14:46:14','2016-08-21 01:45:11'),(100,1,2,'2019-03-06 13:20:24','2017-11-25 00:41:23');
/*!40000 ALTER TABLE `friendship` ENABLE KEYS */;
UNLOCK TABLES;

--
-- Table structure for table `friendship_statuses`
--

DROP TABLE IF EXISTS `friendship_statuses`;
/*!40101 SET @saved_cs_client     = @@character_set_client */;
/*!50503 SET character_set_client = utf8mb4 */;
CREATE TABLE `friendship_statuses` (
  `id` int unsigned NOT NULL AUTO_INCREMENT,
  `name` varchar(150) CHARACTER SET utf8 COLLATE utf8_unicode_ci NOT NULL,
  PRIMARY KEY (`id`),
  UNIQUE KEY `name` (`name`)
) ENGINE=InnoDB AUTO_INCREMENT=3 DEFAULT CHARSET=utf8 COLLATE=utf8_unicode_ci;
/*!40101 SET character_set_client = @saved_cs_client */;

--
-- Dumping data for table `friendship_statuses`
--

LOCK TABLES `friendship_statuses` WRITE;
/*!40000 ALTER TABLE `friendship_statuses` DISABLE KEYS */;
INSERT INTO `friendship_statuses` VALUES (1,'\"friends\"'),(2,'\"not_friends\"');
/*!40000 ALTER TABLE `friendship_statuses` ENABLE KEYS */;
UNLOCK TABLES;

--
-- Table structure for table `media`
--

DROP TABLE IF EXISTS `media`;
/*!40101 SET @saved_cs_client     = @@character_set_client */;
/*!50503 SET character_set_client = utf8mb4 */;
CREATE TABLE `media` (
  `id` int unsigned NOT NULL AUTO_INCREMENT,
  `media_type_id` int unsigned NOT NULL,
  `user_id` int unsigned NOT NULL,
  `filename` varchar(255) CHARACTER SET utf8 COLLATE utf8_unicode_ci NOT NULL,
  `size` int NOT NULL,
  `metadata` longtext CHARACTER SET utf8mb4 COLLATE utf8mb4_bin,
  `created_at` datetime DEFAULT CURRENT_TIMESTAMP,
  `updated_at` datetime DEFAULT CURRENT_TIMESTAMP ON UPDATE CURRENT_TIMESTAMP,
  PRIMARY KEY (`id`)
) ENGINE=InnoDB AUTO_INCREMENT=101 DEFAULT CHARSET=utf8 COLLATE=utf8_unicode_ci;
/*!40101 SET character_set_client = @saved_cs_client */;

--
-- Dumping data for table `media`
--

LOCK TABLES `media` WRITE;
/*!40000 ALTER TABLE `media` DISABLE KEYS */;
INSERT INTO `media` VALUES (1,4,1,'eaque',5,'Est reprehenderit asperiores praesentium provident reiciendis est.','2011-01-13 22:20:18','2018-09-22 23:14:38'),(2,4,2,'culpa',715016,'Necessitatibus qui aliquid iure praesentium.','2019-12-20 04:23:33','2014-04-03 06:09:20'),(3,2,3,'ullam',10858877,'Quidem dolores officiis officiis beatae exercitationem esse.','2013-10-14 14:49:13','2015-05-26 08:15:24'),(4,2,4,'soluta',760,'Enim omnis quaerat cumque non.','2018-03-12 11:08:52','2012-12-15 13:30:17'),(5,4,5,'quo',29,'Libero dolore et repellat exercitationem sit impedit reiciendis officiis.','2014-03-30 19:48:55','2013-04-29 11:08:09'),(6,2,6,'quis',5760872,'Dignissimos impedit eum qui quis sunt velit.','2014-01-08 11:24:38','2018-11-24 11:25:44'),(7,2,7,'dolores',85296,'Deserunt et adipisci quod harum porro aut asperiores corporis.','2011-08-30 02:33:28','2014-12-08 16:13:32'),(8,2,8,'nihil',27236811,'Quae sit repudiandae debitis cum ea earum.','2020-03-18 16:02:25','2015-06-10 06:31:03'),(9,2,9,'asperiores',8041,'Ea et non aut quos odit.','2014-09-15 02:53:13','2014-06-01 09:07:28'),(10,3,10,'voluptas',7074,'Nulla in hic eligendi cumque iste culpa sint.','2010-08-05 15:21:32','2013-11-13 03:45:27'),(11,2,11,'sequi',2971,'Dolores dolorem quibusdam ut quia officiis ut aut.','2018-01-24 00:01:16','2013-09-08 22:27:18'),(12,3,12,'aspernatur',691503,'Ex tenetur laboriosam assumenda cumque.','2016-07-15 07:14:46','2019-08-25 02:40:45'),(13,1,13,'libero',0,'Soluta harum odio eligendi ut necessitatibus officiis quia.','2016-10-24 00:26:33','2018-07-19 13:33:30'),(14,1,14,'sequi',0,'Non expedita quos est facilis.','2013-02-03 05:34:10','2016-03-08 06:36:14'),(15,1,15,'doloremque',85262,'Consequuntur veritatis reiciendis sit ut accusantium.','2010-06-20 22:04:54','2016-11-26 16:53:28'),(16,4,16,'qui',57,'Quidem cupiditate dolores praesentium dicta ipsum totam aliquam perferendis.','2019-07-02 13:35:36','2020-02-20 03:35:27'),(17,4,17,'facilis',7424499,'Minus facere dolores ratione consequatur doloremque est voluptas necessitatibus.','2019-05-08 11:29:51','2012-08-23 10:10:39'),(18,2,18,'et',717,'Ullam impedit excepturi quam illum pariatur in.','2018-01-29 03:07:29','2012-12-01 02:02:46'),(19,3,19,'commodi',632845,'Velit est id fuga.','2014-06-06 08:09:53','2020-03-30 05:14:36'),(20,4,20,'qui',1,'Non cum molestiae maxime numquam alias cum quia.','2020-03-19 14:38:15','2017-11-26 04:32:53'),(21,3,21,'quia',410060516,'Soluta earum quae a ut.','2013-04-06 22:54:30','2017-02-01 04:27:15'),(22,2,22,'quod',160,'Rerum ut est magni optio dolorum at ratione.','2014-11-14 18:50:58','2016-01-21 08:57:58'),(23,4,23,'nostrum',632359,'Perspiciatis est minima sed quia enim.','2011-09-17 10:38:44','2011-07-30 06:00:36'),(24,1,24,'perferendis',66708,'Nemo qui sint accusantium quia quis corporis saepe.','2018-06-25 06:19:43','2019-08-30 18:12:29'),(25,4,25,'vitae',894369,'Cupiditate non impedit ea et iure.','2012-11-18 04:38:19','2010-11-26 15:36:16'),(26,2,26,'voluptatem',628824480,'Maiores omnis ea dolores sit tempore quod corrupti quo.','2018-06-10 19:40:04','2020-01-04 16:44:06'),(27,1,27,'ab',7333,'Quidem eligendi animi perferendis aspernatur aut.','2019-05-31 19:35:01','2014-10-04 10:12:32'),(28,3,28,'accusantium',4768616,'Iusto laborum natus beatae rem.','2013-06-04 20:35:48','2017-05-06 23:29:01'),(29,4,29,'consequatur',31101,'Nisi eligendi est quia aliquam exercitationem voluptates.','2010-12-22 12:03:24','2015-03-10 23:45:06'),(30,4,30,'quisquam',69410239,'Provident doloremque qui autem assumenda et.','2015-11-20 01:54:13','2016-02-26 13:11:04'),(31,2,31,'quaerat',50058,'Eligendi architecto magnam beatae assumenda.','2018-04-08 12:11:33','2018-07-05 22:17:15'),(32,1,32,'consequuntur',461,'Voluptatem molestias qui veniam aliquam aperiam.','2011-09-17 17:40:33','2016-04-03 01:59:24'),(33,2,33,'ab',609793101,'Et ad et eos minima quo consequatur iure.','2017-02-16 07:36:29','2013-11-22 04:38:49'),(34,2,34,'et',2,'Eaque ex hic ducimus excepturi reprehenderit.','2019-07-09 17:18:47','2015-05-05 06:22:13'),(35,3,35,'omnis',370323178,'Sint excepturi esse ut accusantium ducimus.','2015-04-13 12:47:13','2011-03-15 16:57:12'),(36,3,36,'ut',369415631,'Vel sint delectus et ullam modi omnis.','2018-12-25 00:13:03','2013-09-23 19:31:57'),(37,4,37,'et',1442,'Dignissimos eum autem atque corporis eaque et architecto.','2018-02-06 06:44:16','2012-09-17 21:52:04'),(38,2,38,'amet',93539,'Et et eaque animi quaerat omnis quo facilis.','2020-01-07 01:04:38','2019-03-19 17:52:32'),(39,3,39,'modi',43427,'Nam quo vero vero officiis natus.','2011-09-13 08:31:54','2011-03-11 12:45:28'),(40,4,40,'doloremque',0,'Est reiciendis facilis minima est.','2019-01-30 18:21:42','2015-07-02 19:48:17'),(41,3,41,'iste',0,'Consequatur occaecati placeat voluptatibus ratione voluptatem sint.','2011-07-17 15:44:08','2012-08-28 15:03:30'),(42,4,42,'non',0,'Nam dolor quia perspiciatis.','2013-05-02 14:48:28','2013-06-19 22:34:30'),(43,2,43,'vero',5,'Optio mollitia est consequatur neque odio nihil.','2013-02-25 23:12:07','2012-12-17 09:31:43'),(44,2,44,'blanditiis',91,'Consequuntur voluptates aliquid quo reprehenderit voluptatem id.','2018-06-30 10:56:36','2015-06-04 20:07:55'),(45,3,45,'rerum',61,'Qui facere minima iusto molestiae amet officia.','2011-06-27 17:34:21','2015-05-01 17:21:47'),(46,2,46,'vel',6553219,'Autem in repudiandae sit quisquam.','2013-08-12 12:19:45','2010-06-10 13:41:02'),(47,3,47,'porro',731596542,'Quam tempore dolor et odit suscipit enim.','2011-10-12 07:10:16','2013-05-18 07:09:48'),(48,2,48,'ipsum',685997,'Sed id ut inventore molestias deleniti velit.','2017-12-21 04:38:11','2015-05-04 11:26:32'),(49,2,49,'quis',846,'Voluptas molestiae perspiciatis et et ut quas.','2012-10-15 06:52:14','2010-07-27 18:41:55'),(50,3,50,'quas',421,'Temporibus non earum officia placeat.','2010-10-29 09:10:43','2013-05-31 18:43:05'),(51,2,51,'et',9402,'Magnam voluptas quia cupiditate sed in occaecati.','2019-04-12 20:35:32','2019-06-28 20:18:20'),(52,2,52,'modi',56544,'Quasi qui vero temporibus.','2019-11-18 16:10:19','2013-02-05 23:50:28'),(53,4,53,'at',0,'Voluptas dolorum quam numquam magni adipisci quam maiores.','2011-06-19 00:43:48','2014-07-25 21:28:39'),(54,4,54,'doloremque',937455861,'Aperiam unde labore unde earum.','2013-06-05 12:52:57','2015-12-28 15:57:04'),(55,4,55,'quos',71,'Distinctio magnam quia minus illum et occaecati quis.','2016-04-28 20:05:55','2013-10-19 14:58:29'),(56,3,56,'est',347293,'Quaerat aut rerum rerum.','2013-09-11 10:52:25','2017-04-19 04:29:54'),(57,2,57,'adipisci',0,'Ratione ut iste tempore distinctio.','2016-04-14 13:47:30','2015-12-03 06:54:02'),(58,2,58,'veniam',146,'Totam ipsam sint et nobis sit qui autem.','2015-03-24 13:56:48','2018-01-07 13:42:44'),(59,4,59,'fugit',4402,'Veniam eum et qui sed delectus ducimus.','2013-05-26 08:38:40','2015-11-29 05:28:38'),(60,1,60,'rem',241,'Odio ea ducimus nisi laborum.','2014-11-14 02:27:41','2019-10-01 18:01:30'),(61,4,61,'eveniet',973167907,'Ratione quaerat dolores aut voluptas.','2012-09-19 20:48:18','2019-08-13 11:07:21'),(62,3,62,'ut',12,'Quia sed autem repellat ipsum aut.','2012-09-06 19:44:48','2013-07-04 12:29:36'),(63,2,63,'aspernatur',788136,'Quod odio voluptas veniam facere ex.','2020-03-20 00:41:30','2013-10-13 04:13:37'),(64,1,64,'sint',91065,'Voluptatibus dolor vel vel aut inventore labore.','2013-05-23 18:48:16','2018-01-28 15:33:40'),(65,1,65,'accusamus',244905411,'Aspernatur aut similique quia quia.','2015-08-10 02:36:44','2015-06-13 08:21:02'),(66,2,66,'accusantium',690376824,'Fuga voluptatem voluptates eaque dolores laborum.','2017-07-03 23:52:12','2011-08-29 08:07:13'),(67,3,67,'ut',0,'Culpa quo odit quod.','2015-08-17 20:56:38','2013-10-10 12:14:44'),(68,1,68,'tenetur',858013,'Unde ipsa laudantium neque.','2011-06-11 02:49:40','2016-03-01 16:30:37'),(69,1,69,'ratione',27741773,'Eum sit nulla magni laborum ab.','2010-09-07 19:49:53','2015-10-17 12:56:47'),(70,2,70,'nobis',6881,'Ut atque ullam nostrum amet quod et id.','2011-01-27 07:58:25','2012-05-22 21:34:58'),(71,2,71,'at',0,'Nulla asperiores expedita non nesciunt sed.','2019-07-21 16:53:32','2019-06-28 08:22:23'),(72,2,72,'distinctio',88152,'Ullam ut quas perferendis ut.','2017-01-24 23:17:14','2018-01-07 06:50:50'),(73,4,73,'optio',69469826,'Sed possimus consequatur impedit omnis.','2011-09-20 09:08:21','2015-01-25 10:37:45'),(74,1,74,'est',8975283,'Quod explicabo voluptate eaque explicabo repellendus ut soluta.','2012-08-05 09:23:10','2014-11-14 08:11:55'),(75,4,75,'rerum',84297989,'Iusto unde consequatur dolorem eius consectetur ducimus ut non.','2017-09-14 10:19:44','2010-08-31 08:41:30'),(76,3,76,'vel',80596,'Quae est alias ut sunt.','2018-02-16 18:40:26','2010-04-24 09:58:13'),(77,2,77,'consequatur',5779,'Voluptatum possimus sit ut.','2016-07-07 22:07:56','2019-12-19 19:07:26'),(78,4,78,'qui',505060,'Blanditiis et quia quam ipsum et sunt eveniet optio.','2013-01-30 18:59:08','2011-07-22 13:15:14'),(79,2,79,'consequatur',687575,'Sit aut aperiam perferendis voluptas molestias voluptatibus eius.','2015-09-07 20:49:10','2013-09-14 07:31:52'),(80,2,80,'veritatis',45991408,'Quaerat molestias quia quod cumque in.','2014-02-17 11:59:01','2015-06-25 04:20:15'),(81,4,81,'quae',2702469,'Laboriosam quas at consequatur autem quia.','2010-08-05 20:06:38','2012-06-09 21:28:00'),(82,4,82,'aspernatur',21,'Delectus et non sequi veritatis.','2012-08-05 13:38:31','2010-06-06 23:53:58'),(83,4,83,'vel',403054192,'Aut ea non aut molestiae itaque non sit.','2012-07-02 11:30:37','2018-12-27 17:28:07'),(84,1,84,'nihil',513,'Cumque unde dicta corrupti officia molestias repellat.','2014-07-24 06:01:49','2011-12-20 01:23:28'),(85,4,85,'voluptatem',0,'Itaque rerum delectus corporis et est accusantium dolore doloribus.','2018-11-28 19:13:09','2016-10-28 01:40:17'),(86,4,86,'asperiores',181383,'Nobis vitae doloribus aut corporis.','2014-08-03 10:46:34','2017-12-08 05:04:27'),(87,2,87,'voluptatem',1579121,'Et voluptatibus voluptas dicta officiis.','2018-10-19 13:37:15','2019-11-24 23:54:56'),(88,3,88,'velit',52142777,'Est ab et quis.','2013-11-24 00:30:20','2017-02-21 11:38:02'),(89,3,89,'commodi',98,'Quia fuga reprehenderit quasi vero.','2011-01-30 11:10:18','2014-12-02 09:33:44'),(90,4,90,'voluptatum',0,'Autem deserunt commodi autem dolore qui doloremque ut.','2010-04-22 00:31:57','2015-10-30 13:25:07'),(91,4,91,'esse',2,'In ut placeat omnis aliquam et odio accusamus.','2018-08-15 16:29:04','2013-06-08 12:02:41'),(92,3,92,'voluptatem',99097601,'Velit sed voluptas facere debitis.','2013-11-06 16:13:59','2017-04-02 10:48:31'),(93,3,93,'ut',975542,'Quo incidunt tenetur quia nam.','2013-10-03 06:30:56','2017-01-17 19:49:29'),(94,4,94,'est',0,'Et aut rerum iste voluptatibus placeat distinctio minus omnis.','2018-09-29 10:24:49','2010-12-09 17:49:05'),(95,4,95,'aliquid',99555615,'Ea ipsum nesciunt eius ipsa.','2018-07-25 19:48:56','2012-02-13 00:30:35'),(96,4,96,'voluptatem',266,'Optio deleniti perspiciatis harum et.','2015-11-04 05:53:11','2015-03-08 14:32:33'),(97,2,97,'deserunt',309,'Quos suscipit omnis officia ut.','2016-12-07 15:45:36','2010-09-28 19:47:21'),(98,2,98,'magnam',3711302,'Corrupti quis sequi minus sapiente ut dolorem sed.','2014-07-17 13:38:50','2019-09-04 04:58:58'),(99,3,99,'incidunt',164410118,'Et repudiandae unde repellat.','2013-09-26 20:21:28','2015-04-29 17:30:18'),(100,2,100,'incidunt',993,'Aut et enim cumque eos eos quo ea.','2013-01-10 22:43:09','2013-03-24 03:02:58');
/*!40000 ALTER TABLE `media` ENABLE KEYS */;
UNLOCK TABLES;

--
-- Table structure for table `media_types`
--

DROP TABLE IF EXISTS `media_types`;
/*!40101 SET @saved_cs_client     = @@character_set_client */;
/*!50503 SET character_set_client = utf8mb4 */;
CREATE TABLE `media_types` (
  `id` int unsigned NOT NULL AUTO_INCREMENT,
  `name` varchar(255) CHARACTER SET utf8 COLLATE utf8_unicode_ci NOT NULL,
  PRIMARY KEY (`id`),
  UNIQUE KEY `name` (`name`)
) ENGINE=InnoDB AUTO_INCREMENT=5 DEFAULT CHARSET=utf8 COLLATE=utf8_unicode_ci;
/*!40101 SET character_set_client = @saved_cs_client */;

--
-- Dumping data for table `media_types`
--

LOCK TABLES `media_types` WRITE;
/*!40000 ALTER TABLE `media_types` DISABLE KEYS */;
INSERT INTO `media_types` VALUES (2,'avi'),(4,'html'),(3,'jpeg'),(1,'mp3');
/*!40000 ALTER TABLE `media_types` ENABLE KEYS */;
UNLOCK TABLES;

--
-- Table structure for table `messages`
--

DROP TABLE IF EXISTS `messages`;
/*!40101 SET @saved_cs_client     = @@character_set_client */;
/*!50503 SET character_set_client = utf8mb4 */;
CREATE TABLE `messages` (
  `id` int unsigned NOT NULL AUTO_INCREMENT,
  `from_user_id` int unsigned NOT NULL,
  `to_user_id` int unsigned NOT NULL,
  `community_id` int unsigned NOT NULL,
  `body` text CHARACTER SET utf8 COLLATE utf8_unicode_ci NOT NULL,
  `is_important` tinyint(1) DEFAULT NULL,
  `is_delivered` tinyint(1) DEFAULT NULL,
  `created_at` datetime DEFAULT CURRENT_TIMESTAMP,
  PRIMARY KEY (`id`)
) ENGINE=InnoDB AUTO_INCREMENT=101 DEFAULT CHARSET=utf8 COLLATE=utf8_unicode_ci;
/*!40101 SET character_set_client = @saved_cs_client */;

--
-- Dumping data for table `messages`
--

LOCK TABLES `messages` WRITE;
/*!40000 ALTER TABLE `messages` DISABLE KEYS */;
INSERT INTO `messages` VALUES (1,50,100,4,'Corrupti est occaecati ut quasi magnam vel. Velit vero aut libero ut recusandae tempore optio. Expedita dignissimos in quae magni cum totam error. Id quasi nihil ullam ad.',1,0,'2012-10-25 03:31:36'),(2,50,100,8,'Molestiae est quia consequatur sapiente quas quibusdam non consectetur. Et totam ea nostrum dolorem vero totam. Quo et aut ipsam est maiores repellat unde est. Totam est rerum ex facere non.',1,0,'2018-12-13 07:02:07'),(3,62,64,10,'Aliquam natus aliquam corrupti. Saepe rerum eius itaque aut qui.',0,0,'2019-02-09 04:31:49'),(4,90,95,10,'Eum harum magni aspernatur voluptate consequatur natus rerum. Quia veritatis nulla aut earum tempora vel molestiae. Molestiae sit excepturi officiis omnis nisi tempore.',1,0,'2017-09-01 04:56:50'),(5,4,41,10,'Est et velit rem. Officia amet exercitationem culpa veniam. Quas nihil est quaerat reiciendis sapiente tenetur.',1,1,'2019-07-24 14:25:25'),(6,35,7,9,'Ea dolores delectus quas. Molestias quisquam cupiditate qui exercitationem est deleniti quia quasi. Et est minima possimus quia quas exercitationem fugit.',0,1,'2018-09-07 03:07:20'),(7,53,27,2,'Quia eum occaecati non soluta vitae quibusdam necessitatibus ea. Consequatur aut facilis eum eligendi sapiente nihil quo. Iste sed recusandae laborum ullam.',0,0,'2014-01-27 07:42:17'),(8,41,35,8,'Unde qui totam doloribus illo. Voluptatem accusantium non saepe omnis delectus. Cumque nisi nostrum magnam adipisci quam ullam. Dolore tenetur aut provident ab.',1,0,'2014-01-19 13:29:20'),(9,80,16,9,'Deleniti quo blanditiis eveniet nam ea occaecati. Labore aut cumque doloremque. Illo et esse voluptatem qui aspernatur.',0,0,'2013-01-22 09:06:45'),(10,73,83,4,'Sint nemo hic ab est itaque quam aut praesentium. Consequatur consequatur repellendus dolores facilis beatae quae illo. Ea ipsa ducimus quo voluptatem.',0,0,'2017-06-13 14:59:39'),(11,63,1,3,'Consequatur ea qui ipsum odit et voluptas. Ratione repellendus officiis quia quis dolorem corrupti. Non sed doloribus quis qui. Sequi doloribus iusto minima sequi.',0,1,'2018-08-25 04:41:38'),(12,18,84,6,'Voluptates culpa deserunt accusantium beatae autem nulla quam. Deleniti laudantium ea in ipsum possimus temporibus totam nostrum. Qui sunt non iusto atque laudantium.',0,0,'2013-09-09 18:26:11'),(13,88,89,5,'Distinctio consectetur rem tempora placeat. Minus vero omnis quas. Ea iusto sapiente explicabo.',1,1,'2011-08-12 21:41:10'),(14,97,58,1,'Delectus assumenda earum at quidem repellendus autem totam. Animi blanditiis eligendi accusamus neque beatae odio iure id. Beatae quia excepturi quia odit ut animi dolor.',1,1,'2019-07-26 18:04:50'),(15,50,88,8,'Amet ut et et autem fugit. Quas sint dolores ut. Qui molestiae debitis aspernatur sit pariatur. Quae sit nesciunt perspiciatis.',0,0,'2012-04-13 10:55:37'),(16,52,15,8,'Consequatur omnis sit ut sit cumque et commodi. Nesciunt excepturi et alias voluptas. Rem voluptatibus vitae est est nemo id aut. Mollitia eius aut aspernatur ut quo quasi eius.',1,0,'2018-11-30 00:51:21'),(17,60,75,10,'Id consequatur dignissimos eveniet ipsa a omnis at. Non assumenda sed consequatur est. Quod rerum et similique occaecati et.',0,0,'2011-06-07 16:54:37'),(18,70,52,8,'Amet ab velit consectetur quisquam. Aut aliquid et voluptatum. Debitis quasi rerum velit quisquam id quaerat non facilis. Aliquam voluptas rerum architecto.',0,0,'2013-02-19 05:00:24'),(19,93,24,8,'Dolorem assumenda tenetur odio est quo sunt id. Molestias numquam odit facilis tenetur. Nemo ut repellendus cum modi eveniet dicta vitae.',1,0,'2019-07-23 22:58:29'),(20,91,63,3,'Ut consequuntur eos aut ab. Ipsam quaerat repudiandae perferendis aut assumenda. Error et nulla nostrum aliquid suscipit.',0,0,'2017-10-03 01:46:51'),(21,87,75,10,'Doloremque odio incidunt magnam consectetur. Qui assumenda qui id. Voluptatum similique tempore ipsam nam neque. Expedita non ut reiciendis ipsa molestias qui magnam esse.',1,1,'2013-07-20 15:28:45'),(22,29,89,10,'Soluta sed inventore ut aliquam harum praesentium voluptates. Vel unde nihil consequuntur maiores ipsa rerum magnam. Pariatur maxime deserunt ea. Aut dolores numquam est quia.',1,0,'2017-03-05 13:04:38'),(23,75,19,2,'Fugiat perspiciatis iste architecto ducimus aperiam odit. Quaerat quisquam illo ut.',0,1,'2014-01-07 09:03:37'),(24,23,48,3,'Animi quo fuga voluptatem consequatur et dolorum. Fugit quia fugit sequi ut provident.',0,1,'2019-05-14 21:26:04'),(25,3,64,7,'Repellendus quas voluptate facilis. Est odio velit quo ut ut et. Provident harum dolores ut iusto reiciendis in asperiores aliquam. Rem animi id minima nisi.',1,0,'2018-01-08 04:39:28'),(26,49,4,5,'Omnis ea harum id impedit. Sed occaecati aut non. Sunt aliquid neque numquam ab totam magni. Quos est quia quas nesciunt.',0,0,'2010-10-12 04:36:06'),(27,83,19,1,'Ut dolorum enim fugiat dolores nulla voluptates minima. Asperiores in non veritatis libero nisi. Ratione alias odio voluptatem iusto consequatur est vel. Temporibus quia rerum sunt id.',0,1,'2010-06-29 23:57:50'),(28,81,73,10,'Dolores quas libero ut fuga nam repellendus quidem. Ut earum nobis accusamus est. Atque sit officiis ipsa adipisci. Quia veniam molestias debitis incidunt optio.',1,1,'2018-07-20 16:54:38'),(29,38,96,6,'Fuga eos nihil pariatur voluptatibus officia architecto. Aut a reprehenderit dolorem. Animi distinctio id perferendis.',1,1,'2018-07-18 08:40:15'),(30,79,14,1,'Ea pariatur et repudiandae voluptas temporibus dolor. Officiis voluptas omnis in minus vero labore doloribus. Nobis sint aperiam eos.',1,0,'2016-07-15 09:16:18'),(31,96,57,7,'Beatae magni dolorum minus est itaque unde eum. Enim dolor sed quo similique. Rerum sunt fugit ad aliquid libero harum odio.',0,0,'2018-05-30 09:10:14'),(32,37,59,9,'Fugiat molestias saepe omnis. Iusto ipsam quidem iste suscipit. Debitis vel itaque nulla nisi odit.',1,0,'2012-10-28 13:22:13'),(33,82,69,4,'Placeat quos itaque voluptatem fugit. Nam repellat voluptatem excepturi aut. Explicabo voluptatem quia assumenda illum. Consequatur sit dolores doloremque distinctio.',1,1,'2017-03-16 05:12:22'),(34,30,24,8,'Quisquam et dolores officia quas suscipit. Aspernatur dolore odit dolor odit ut in repellat. Voluptas sunt blanditiis numquam placeat nam fuga tempora. Necessitatibus minima quasi totam.',1,0,'2015-04-23 12:40:40'),(35,18,23,9,'Rem illum maxime sint itaque tempore. Explicabo numquam mollitia similique vel. Nisi aperiam quo et minima. Explicabo in deserunt sit magni veniam non aut consequuntur.',0,0,'2013-07-26 05:08:23'),(36,85,2,7,'Iste dolores sapiente et qui dolorem error nihil qui. Ipsam minima dicta quo ipsa qui dolor. Sunt distinctio est placeat reiciendis. Nostrum minima necessitatibus inventore.',1,0,'2019-03-04 23:59:50'),(37,33,70,9,'Ratione aut sint numquam numquam perspiciatis laboriosam. Sequi quo magnam cumque ipsum ullam ullam harum. Et quo rerum voluptatem veritatis reiciendis tempore doloribus.',1,0,'2017-10-17 09:30:17'),(38,82,78,1,'Libero aut consectetur tenetur et eos est. Necessitatibus eligendi est qui adipisci. Veritatis sapiente tempore occaecati rerum. Eaque expedita rerum aperiam quis est molestias.',1,0,'2018-06-15 14:38:50'),(39,62,5,2,'Commodi eum quo quibusdam tempore alias at tempore. Nam magnam veniam et reiciendis. Ut velit molestias eligendi eum tenetur voluptatem. Id veniam natus esse ab mollitia doloremque.',1,1,'2018-04-19 06:30:36'),(40,3,83,5,'Quisquam aut rerum quos blanditiis commodi sapiente. Corporis quia nihil eligendi. Eos facere recusandae unde minus culpa.',0,0,'2012-05-07 01:34:55'),(41,40,55,10,'Possimus iusto sit laudantium quae recusandae. Aperiam modi reprehenderit rerum velit quia. Incidunt sunt est nisi iure dolor. Porro et quasi quaerat repudiandae ipsam.',0,0,'2015-04-14 02:32:44'),(42,34,9,1,'Placeat harum consequatur et in. Dignissimos dolorum veritatis enim et. Unde qui ut numquam impedit accusantium sit eos.',1,1,'2020-03-13 18:04:59'),(43,86,53,8,'Sit id est ad accusamus quam reiciendis. Dolorum amet eos modi optio eius at temporibus. Eius enim non quia saepe dicta aut. Qui et voluptas culpa molestias.',1,1,'2012-01-15 09:03:42'),(44,91,26,1,'Blanditiis qui praesentium deserunt et in cum. Officiis neque odit labore harum voluptates fugiat et. Est dolorem aut veniam commodi ea.',0,1,'2012-07-17 04:21:07'),(45,51,74,5,'Possimus explicabo harum eum fugiat quos quisquam. Expedita veritatis corrupti praesentium perspiciatis. Odit quia hic pariatur molestiae explicabo numquam aut.',1,1,'2019-12-06 06:53:39'),(46,44,25,1,'Ducimus laborum dolorem deleniti alias. Soluta provident veniam et facere et quibusdam. Earum nisi a aut distinctio maxime labore.',0,0,'2011-06-12 10:40:21'),(47,83,37,3,'Aut saepe consequuntur et facilis. Ullam dolorum quaerat ex asperiores et deserunt repellat. Laboriosam doloribus vitae quis earum.',0,0,'2017-04-04 00:31:00'),(48,27,50,2,'Commodi possimus rerum quas enim neque. Eaque possimus eum id dignissimos quis. Soluta veniam recusandae quam et quas mollitia voluptatem.',0,0,'2013-09-30 00:11:46'),(49,19,52,7,'Sit culpa aperiam quo sed quia veniam. Et perspiciatis nesciunt perspiciatis consequatur sint. In ea nam quis praesentium consequatur.',0,1,'2018-03-13 20:37:31'),(50,74,52,1,'Veritatis modi unde error qui dolores et doloribus. Tempora aut adipisci voluptas voluptatum. Nam ea nulla nostrum cupiditate odio eos ducimus. Ratione dolorum voluptatem sed sunt ipsum.',1,0,'2011-11-15 19:07:17'),(51,81,7,6,'Molestiae impedit distinctio ut incidunt non dolorum. Sed laudantium quisquam tenetur fugiat quia consequuntur quos. Delectus quia porro veniam aut hic.',0,1,'2012-02-06 10:53:34'),(52,29,2,1,'Et deserunt iusto qui adipisci dolores ullam asperiores. Dicta quod in asperiores labore ex. Beatae veniam ullam impedit est blanditiis amet distinctio.',1,0,'2019-04-15 11:42:16'),(53,76,17,10,'Accusantium illum sed et ut earum odio. Ea et rerum nam in voluptate quaerat sunt. Doloremque nostrum aliquid reprehenderit quaerat suscipit dolor est recusandae.',1,0,'2016-06-12 18:17:03'),(54,36,79,4,'Vitae expedita ex quibusdam alias quis dolorem. Omnis officia assumenda aperiam qui porro. Non dolorem voluptatem necessitatibus cum.\nDolores ut est et. Consequatur harum ut porro ullam atque nisi.',1,1,'2019-09-29 17:23:43'),(55,13,59,5,'Dolore eos at laborum maxime eos magnam. Quia praesentium quibusdam dolorum sunt qui pariatur. Eum dolorem quaerat consequatur cumque ut temporibus mollitia dignissimos.',0,1,'2012-02-18 04:00:53'),(56,40,33,4,'Eveniet harum magni ducimus molestiae. Consectetur dignissimos et laboriosam odio in rem perferendis. Laborum cumque nesciunt fuga itaque. Nulla quae quos explicabo molestias est repellendus ut.',0,0,'2017-10-18 05:39:41'),(57,65,17,7,'Maxime porro iure et ad qui maiores incidunt. Error nemo nobis odit earum recusandae. Est est ut minus fugit voluptatem blanditiis.',0,1,'2014-03-16 10:25:52'),(58,54,72,7,'Possimus molestiae et labore quia porro velit. Eum voluptatum est incidunt omnis. Blanditiis et quos et.',1,0,'2018-09-24 03:13:36'),(59,11,23,7,'Aliquid et incidunt voluptas eos. In veniam sed illum fuga laborum iure suscipit sunt. Quis et hic dolore nemo.',1,0,'2018-01-13 22:14:17'),(60,61,1,5,'Aut minus placeat adipisci voluptas porro et. Porro repellat molestiae exercitationem enim aliquam repudiandae vitae. Animi facilis distinctio quis rerum assumenda. Magni id quas quaerat consequatur.',0,1,'2016-12-19 00:38:14'),(61,78,49,3,'Voluptas quia eveniet quia blanditiis labore qui sapiente. Repudiandae eum quae voluptate animi. Voluptatem quos et id voluptatibus qui odio. Perferendis qui magnam id alias quidem aspernatur ullam.',0,1,'2019-05-27 01:21:08'),(62,39,50,2,'Pariatur rerum sit excepturi voluptatem molestiae numquam. Ipsa quo culpa praesentium occaecati ut reiciendis beatae aut. Voluptatum eos praesentium nobis enim veniam quos iure.',1,0,'2015-10-18 07:34:33'),(63,45,51,1,'Quia vitae accusamus fugit maxime nesciunt repellendus. Nobis ut qui eos architecto esse voluptatibus sequi. Earum veniam placeat enim est sunt qui et nisi.',0,1,'2014-09-14 04:53:07'),(64,40,82,5,'Iusto delectus voluptatum aut dolore corrupti enim. Voluptas ut nulla voluptas sed dolorem fugit. Aspernatur ut ea sequi laboriosam in sequi ut.',0,1,'2014-04-20 07:52:02'),(65,83,6,1,'Libero dolorem amet eum et repellat molestiae provident. Hic provident error amet et delectus et. Iste est quibusdam nihil veritatis similique. Id voluptas voluptatem eos quas laudantium.',0,0,'2018-10-20 02:14:58'),(66,70,33,1,'Est molestiae et quis commodi est id labore. Omnis qui quis reiciendis in. Ut soluta fugiat minus quae ut. Accusantium eos est corporis suscipit.',1,1,'2016-03-15 03:08:30'),(67,91,20,4,'Voluptatem minus quaerat eveniet autem doloribus aspernatur. Voluptatibus velit eos quae eum non facilis. Sapiente qui voluptatem dolore enim.',1,1,'2014-08-18 22:51:35'),(68,29,17,3,'Nobis aperiam fuga explicabo voluptas corporis eius. Dolorem ab ea quos ratione nihil illo. Qui sint fuga alias illum est qui ut.',1,1,'2016-12-19 22:26:20'),(69,40,62,6,'Sint maxime nostrum officiis enim et similique. Rerum in quasi dolorum. Quasi vel eius corporis accusantium. Voluptatem exercitationem voluptatem voluptas facere cumque.',0,0,'2012-07-04 14:55:05'),(70,92,96,8,'Ipsa quia eaque aut est est aut nulla. Et voluptas autem voluptas et et impedit qui. Quibusdam dicta error ab.',1,1,'2012-09-11 06:21:19'),(71,23,94,1,'Praesentium et ut amet non numquam magnam repudiandae. Magnam qui laboriosam eaque nobis ab. Quod error ipsum et et. Nihil sit aperiam ipsam et. Quis velit saepe itaque praesentium dignissimos.',0,1,'2016-09-26 04:06:31'),(72,6,54,4,'Magnam expedita unde reprehenderit et quia perspiciatis. Perspiciatis atque dolor nisi. Blanditiis dolor fugit enim rerum velit sunt et. Earum ea perspiciatis dolorum sit consequuntur.',1,0,'2020-03-17 07:51:33'),(73,83,20,3,'Deserunt iusto ut voluptatum. Corrupti ab animi omnis. Similique illum placeat qui quidem ut voluptas blanditiis.',0,0,'2012-02-02 08:02:52'),(74,17,92,4,'Eveniet dolor dolore eaque minima numquam qui dolorem. Odio odit aliquid aut. Fugiat alias aliquam consequatur sit sit eaque suscipit. Et qui ratione voluptas magnam tempora unde nam.',0,1,'2012-12-20 23:14:00'),(75,13,33,6,'Placeat quia esse ut quidem. Voluptas libero qui consequatur praesentium non. Molestias ratione ut tempora fugiat aperiam iste animi. Rem suscipit minima aliquid consequatur consectetur.',1,0,'2012-07-30 01:56:45'),(76,58,67,5,'Optio aut et iste et. Maiores sapiente quas odit minus labore.',1,1,'2020-02-05 19:32:03'),(77,58,25,9,'Et consectetur dolorum dolorem laborum neque beatae sit consectetur. Doloremque eos qui iure asperiores natus odio. Tempora ex dignissimos aliquid sint inventore voluptas.',1,0,'2011-06-15 03:45:26'),(78,29,50,8,'Et aperiam sit eveniet ducimus ullam. Est maiores laudantium aut iure aut sunt. Non ipsa quo aut ut cupiditate sed pariatur nihil. Cum numquam aut totam et.',0,1,'2017-01-13 13:58:15'),(79,49,93,8,'Et saepe laboriosam nulla cum esse dignissimos molestiae. Est laborum odit sed. Assumenda cupiditate voluptas deserunt consequatur rerum occaecati natus.',1,1,'2016-06-24 17:51:34'),(80,84,35,5,'Delectus quo sed natus deserunt maxime. Quam et nostrum eos. Quia occaecati animi quia dolor.',0,1,'2016-12-13 20:26:49'),(81,5,44,2,'Deserunt repudiandae nemo ea est aspernatur aut pariatur voluptates. Vitae modi et rerum minus quo ratione iusto. Mollitia porro vitae delectus sit voluptatibus ea.',1,1,'2015-03-09 19:25:12'),(82,34,6,1,'Ad placeat velit assumenda omnis quam. Aliquid illum repudiandae eaque quidem.',1,0,'2018-06-30 12:12:24'),(83,49,21,2,'Temporibus ea et autem sunt facilis. Et nisi voluptatibus omnis quas enim. Et asperiores unde tempore sit atque voluptas. Aut eligendi facilis accusamus cum ipsam qui.',0,0,'2013-11-14 05:27:53'),(84,75,66,6,'Esse quibusdam amet rerum quisquam laudantium sequi a. Vero autem ut sed architecto libero et. In eaque nihil omnis dignissimos saepe sapiente.',1,0,'2013-12-19 10:25:52'),(85,51,76,1,'Qui asperiores et aliquam consequatur. Ipsam doloribus nostrum ipsa culpa. Autem consectetur non dicta praesentium odit.',0,0,'2011-01-22 12:40:40'),(86,61,15,2,'Voluptas adipisci aliquam at molestias eum aliquid architecto at. Quidem et quia et. Atque voluptatem qui enim consequatur est possimus.',0,1,'2017-04-04 17:57:51'),(87,18,82,6,'Quisquam fugiat at consequatur eum commodi aut doloremque. Fugiat et eos possimus quibusdam. Odit quia ut non voluptas incidunt sed et.',0,1,'2015-12-20 06:45:19'),(88,69,50,6,'Harum eaque voluptatibus aliquid ut libero nihil dolores. Cum veritatis maxime perferendis mollitia aut similique. Officiis facere quod non est.',1,1,'2011-05-31 12:57:48'),(89,53,35,5,'Et aut ea non magni. Deserunt quaerat autem id exercitationem nulla iusto voluptatem doloribus. Odio vitae maiores quibusdam doloremque non accusamus.',0,1,'2016-07-30 08:16:05'),(90,29,91,8,'Et deleniti non molestiae recusandae. Vel est voluptatem suscipit possimus. Consectetur velit dignissimos provident animi et. Dolores ab quia illum eos.',1,1,'2017-06-28 17:09:27'),(91,51,48,1,'Iusto sequi vel aperiam odit perferendis. Aut aut qui ut repudiandae iure. Eos et tenetur et quidem ipsa quis illum. Nihil consectetur soluta consequatur neque iusto ipsum.',0,0,'2015-10-20 00:09:13'),(92,6,8,10,'Ipsam ratione ut quibusdam voluptatem. Suscipit rem consequuntur hic magnam facilis omnis. Consequatur maxime minus quo doloremque et.',0,0,'2015-10-15 04:20:37'),(93,27,93,5,'Eveniet ullam ullam ullam est modi aliquam. Quia fugiat enim sed tempore vitae. Ea nemo debitis totam ratione.',0,0,'2014-10-28 14:38:20'),(94,68,80,7,'Repellat alias dicta in sit natus voluptatum. Aspernatur rerum eos qui beatae vel. Sed autem mollitia quod expedita non ex aliquam incidunt. Eum nemo assumenda maxime dolor dolor.',1,1,'2019-08-24 11:59:21'),(95,99,67,9,'Accusantium vel amet incidunt. Neque ipsa rerum similique dolorem ut. Dolor quasi voluptas eum iste fuga aperiam quia. Et officia temporibus consequatur.',0,0,'2020-03-19 23:50:34'),(96,92,23,4,'Optio autem tempora est quos pariatur est. Suscipit iure neque tempore. Minima consequatur earum expedita. Voluptatibus dolorum culpa expedita et. Mollitia et voluptas aliquid sit ea.',0,1,'2011-02-24 14:56:53'),(97,56,90,4,'Iure quod totam eligendi tempore minima sit. Cum rem quasi natus non illo dolores.',1,0,'2011-03-16 04:02:09'),(98,34,27,10,'Magni recusandae corporis eos molestiae. Dolorem quos alias sint. Molestiae est ipsum sed et quibusdam pariatur enim vel.',1,0,'2019-03-10 03:09:27'),(99,89,34,3,'Cumque consequatur vero quidem. Ex illum blanditiis dolorem vel. Et necessitatibus impedit qui eius placeat.',1,0,'2016-11-21 16:59:53'),(100,28,87,5,'Nisi qui ex consequuntur sint aut quas rerum. Aut laborum aut est reprehenderit officia. Cum porro nam et veniam.',0,1,'2011-04-23 22:33:28');
/*!40000 ALTER TABLE `messages` ENABLE KEYS */;
UNLOCK TABLES;

--
-- Table structure for table `profiles`
--

DROP TABLE IF EXISTS `profiles`;
/*!40101 SET @saved_cs_client     = @@character_set_client */;
/*!50503 SET character_set_client = utf8mb4 */;
CREATE TABLE `profiles` (
  `user_id` int unsigned NOT NULL,
  `gender` char(1) CHARACTER SET utf8 COLLATE utf8_unicode_ci NOT NULL,
  `birthday` date DEFAULT NULL,
  `city` varchar(100) CHARACTER SET utf8 COLLATE utf8_unicode_ci DEFAULT NULL,
  `country` varchar(100) CHARACTER SET utf8 COLLATE utf8_unicode_ci DEFAULT NULL,
  `created_at` datetime DEFAULT CURRENT_TIMESTAMP,
  `updated_at` datetime DEFAULT CURRENT_TIMESTAMP ON UPDATE CURRENT_TIMESTAMP,
  PRIMARY KEY (`user_id`)
) ENGINE=InnoDB DEFAULT CHARSET=utf8 COLLATE=utf8_unicode_ci;
/*!40101 SET character_set_client = @saved_cs_client */;

--
-- Dumping data for table `profiles`
--

LOCK TABLES `profiles` WRITE;
/*!40000 ALTER TABLE `profiles` DISABLE KEYS */;
INSERT INTO `profiles` VALUES (1,'m','2007-10-11','West Melisaview','Svalbard & Jan Mayen Islands','2015-08-12 19:58:55','2019-12-04 01:58:56'),(2,'f','2014-05-25','Port Elbert','Tajikistan','2018-10-27 21:45:32','2012-12-03 13:50:45'),(3,'f','1974-03-06','Emersonside','Guadeloupe','2011-10-02 20:05:39','2015-01-16 21:51:43'),(4,'f','2004-06-03','Lemkeside','Gambia','2016-05-21 17:53:50','2020-04-09 21:02:00'),(5,'f','1998-08-29','Pricemouth','Spain','2014-02-23 08:04:02','2017-05-25 19:02:54'),(6,'m','2015-12-29','Jacobiland','Guernsey','2015-06-01 04:57:14','2017-06-28 11:55:05'),(7,'f','1987-04-19','Hoppechester','Canada','2012-07-24 06:24:35','2016-12-27 22:22:35'),(8,'m','1970-05-13','Lueilwitzshire','Saint Barthelemy','2020-03-03 19:34:24','2017-12-21 04:00:31'),(9,'f','1975-07-03','North Hayley','Iceland','2018-06-10 05:59:07','2013-08-07 14:31:48'),(10,'m','1983-07-11','Port Rollin','Mongolia','2013-09-15 07:58:13','2019-01-15 16:37:32'),(11,'m','2008-01-24','Weimannton','Bouvet Island (Bouvetoya)','2019-10-27 08:00:59','2018-04-06 16:55:38'),(12,'m','1982-04-13','Douglasview','Hungary','2011-05-20 03:41:34','2011-03-13 20:43:58'),(13,'m','1974-08-20','Ardellaburgh','Cyprus','2011-11-15 05:43:43','2019-04-04 23:11:20'),(14,'f','1999-06-27','Jerdeburgh','El Salvador','2016-04-30 07:32:23','2016-10-31 12:32:18'),(15,'f','1990-01-21','Gloverbury','Niger','2011-12-19 18:34:08','2015-06-11 18:32:13'),(16,'f','1991-08-30','Brooksbury','Germany','2018-05-17 18:07:22','2017-12-29 16:33:27'),(17,'m','2019-01-02','Corkerystad','New Caledonia','2019-08-16 11:11:15','2013-06-25 03:58:31'),(18,'f','1972-11-10','Bayertown','Namibia','2012-05-15 09:39:12','2012-10-05 12:41:34'),(19,'m','1973-10-22','Yostshire','Cyprus','2014-05-03 09:41:59','2019-03-29 17:48:05'),(20,'f','2003-03-24','Nickolasbury','British Virgin Islands','2012-09-01 07:54:09','2020-03-14 17:18:27'),(21,'m','1989-11-10','South Zoiechester','Martinique','2012-05-29 08:49:51','2017-06-10 07:36:18'),(22,'m','1985-12-03','Auroremouth','Austria','2020-03-07 04:04:15','2011-09-24 13:59:16'),(23,'f','1973-08-01','O\'Kontown','Guadeloupe','2019-12-26 09:33:57','2011-05-05 12:07:15'),(24,'m','1995-02-07','Larkinshire','Myanmar','2015-10-23 00:13:37','2012-06-10 23:36:52'),(25,'f','2009-02-04','Giaport','Singapore','2018-02-10 12:40:09','2017-03-18 21:45:29'),(26,'m','1991-10-04','Jaskolskiside','Slovakia (Slovak Republic)','2016-05-18 10:51:46','2013-07-05 16:44:12'),(27,'m','2018-07-06','Corkerytown','Saint Pierre and Miquelon','2011-07-16 08:36:51','2012-09-23 23:09:03'),(28,'f','2000-05-04','Richmondside','Hong Kong','2015-08-09 11:01:31','2018-07-25 19:59:49'),(29,'f','2009-02-02','Rosettaberg','Switzerland','2014-05-03 17:26:42','2014-12-21 16:21:31'),(30,'m','2018-01-14','West Dennisfort','Costa Rica','2013-09-15 05:30:15','2011-04-20 19:55:27'),(31,'m','2003-05-06','East Nico','Israel','2020-01-02 18:13:32','2018-04-09 06:52:05'),(32,'m','1977-05-09','Lake Cyrus','Canada','2017-03-17 05:38:20','2017-10-24 18:15:30'),(33,'m','2018-08-01','Howardbury','Anguilla','2014-10-09 12:47:20','2013-11-09 13:31:32'),(34,'m','2016-05-16','Magdalenview','New Zealand','2019-07-22 15:09:31','2016-01-21 13:23:24'),(35,'m','1989-10-10','Kayceeview','Nigeria','2012-12-11 07:19:50','2010-11-06 21:16:32'),(36,'m','1992-02-08','Lake Kenton','Serbia','2014-09-26 09:20:02','2012-12-01 12:00:58'),(37,'m','1994-06-13','Minatown','Turks and Caicos Islands','2013-04-19 17:19:20','2017-11-26 14:20:43'),(38,'m','1972-09-13','South Marisol','Yemen','2013-05-19 15:54:21','2018-04-03 01:14:02'),(39,'m','1992-03-12','Lake Amie','Tunisia','2018-05-10 00:09:35','2019-02-20 00:22:00'),(40,'f','1981-07-06','North Felicia','Maldives','2014-09-09 06:27:41','2014-11-30 15:38:00'),(41,'m','2016-07-01','East Lupeport','Brazil','2012-11-28 11:02:54','2011-06-01 12:03:09'),(42,'f','2007-07-17','Hammestown','Ecuador','2011-06-17 20:42:44','2020-04-17 04:23:05'),(43,'m','2016-05-15','North Ezequiel','Oman','2012-08-07 10:26:14','2011-01-20 01:34:17'),(44,'m','1982-01-01','Lake Arturo','Cocos (Keeling) Islands','2017-11-29 10:18:49','2019-01-20 16:39:50'),(45,'m','2010-02-08','Aylaview','Cook Islands','2012-02-25 23:31:24','2012-08-26 10:40:20'),(46,'f','1989-05-27','Audreyview','Sri Lanka','2015-01-20 21:44:45','2012-08-12 17:10:24'),(47,'m','1978-10-09','Clarabellemouth','Myanmar','2014-06-06 15:21:02','2018-07-05 10:01:53'),(48,'f','1983-06-10','Skylarview','Venezuela','2014-07-14 21:31:02','2013-03-24 12:14:13'),(49,'m','1993-05-05','West Llewellyn','Martinique','2014-11-19 06:21:49','2014-04-15 10:13:03'),(50,'f','1993-08-27','South Harmon','Namibia','2011-02-07 04:57:24','2019-05-20 17:24:19'),(51,'m','1983-03-16','New Madyson','United States Virgin Islands','2014-08-22 09:25:32','2014-01-06 06:14:54'),(52,'m','1982-10-24','Kochfurt','Costa Rica','2015-03-13 14:12:47','2015-06-16 17:41:49'),(53,'m','1973-02-13','Osinskiborough','Colombia','2011-04-18 11:39:57','2015-11-07 04:25:06'),(54,'f','1972-04-04','Emmaleeberg','Lao People\'s Democratic Republic','2015-09-06 02:01:31','2014-06-01 22:21:41'),(55,'m','1987-09-22','Bergstrombury','Guyana','2011-04-17 17:02:16','2017-06-06 13:09:12'),(56,'f','1978-06-21','Lake Bricemouth','Israel','2011-09-03 02:27:25','2016-07-08 01:29:55'),(57,'m','1982-12-06','South Rogersside','Barbados','2012-10-16 04:47:44','2013-07-16 15:01:57'),(58,'f','2010-05-18','New Mortonhaven','Thailand','2014-06-05 23:50:45','2016-12-07 10:41:39'),(59,'f','1990-06-17','Port Huldaville','Marshall Islands','2011-06-03 20:33:51','2015-05-29 08:25:31'),(60,'m','1995-12-22','Leilaburgh','Guam','2017-08-08 01:16:44','2012-10-27 02:55:26'),(61,'f','1992-09-27','West Caesar','Madagascar','2017-09-12 11:23:51','2018-03-09 12:42:09'),(62,'m','2006-10-23','Jimmytown','Mongolia','2012-02-14 07:16:29','2014-12-30 01:59:00'),(63,'m','2005-04-04','Considineville','Niue','2014-06-04 08:10:25','2020-03-26 13:50:12'),(64,'f','2002-07-09','North Tracy','Kiribati','2018-04-26 15:09:28','2013-06-18 18:19:03'),(65,'f','2000-05-25','North Paula','Morocco','2018-05-04 23:14:18','2015-04-02 16:39:42'),(66,'f','2003-07-21','West Jimmie','Sweden','2013-03-07 03:19:14','2020-01-26 01:45:18'),(67,'m','1998-07-01','Jacobsonside','Saint Martin','2018-07-21 06:47:20','2011-09-30 20:56:53'),(68,'m','2016-09-09','North Dessieport','South Georgia and the South Sandwich Islands','2016-02-05 06:10:01','2017-12-01 20:18:17'),(69,'m','1995-06-07','Charleychester','Grenada','2017-10-02 15:58:53','2019-12-29 21:00:27'),(70,'m','1990-10-23','West Trent','Myanmar','2011-05-06 15:53:29','2013-02-08 09:50:49'),(71,'m','1989-06-24','New Stanfordberg','South Georgia and the South Sandwich Islands','2015-04-15 17:52:32','2019-07-15 12:37:44'),(72,'m','2013-03-20','Hermannville','Germany','2016-06-03 06:31:03','2013-03-24 19:05:53'),(73,'m','1994-11-29','Port Codymouth','Mayotte','2012-08-04 01:47:08','2013-11-03 07:22:49'),(74,'f','1997-07-26','South Mckenzie','Thailand','2012-03-29 16:16:19','2011-04-17 07:14:16'),(75,'f','2004-08-18','North Janieside','Faroe Islands','2014-11-19 20:04:53','2014-10-09 22:07:13'),(76,'f','2018-04-03','Cassandreview','Yemen','2017-07-06 22:33:28','2019-12-03 07:53:11'),(77,'f','1998-03-20','North Nico','Malaysia','2014-09-24 22:52:30','2010-09-13 22:25:54'),(78,'f','2005-08-23','Port Hollisburgh','Norway','2017-07-11 21:31:57','2014-11-25 22:29:20'),(79,'m','2015-05-26','New Madelynbury','Bahamas','2010-05-26 20:19:04','2013-07-04 07:30:48'),(80,'f','1990-04-02','Kassulketown','Reunion','2012-12-04 05:57:30','2012-08-03 12:38:56'),(81,'m','2007-12-01','North Paytonton','French Guiana','2017-05-27 04:59:56','2016-07-07 03:11:24'),(82,'f','1972-12-19','West Delilahberg','Colombia','2012-03-04 22:45:43','2012-06-05 22:19:05'),(83,'m','1983-07-01','Salvadorberg','Namibia','2018-06-25 01:01:55','2014-06-12 13:56:08'),(84,'m','1981-04-22','Heathcotechester','Heard Island and McDonald Islands','2019-05-18 07:26:36','2013-02-10 11:22:36'),(85,'m','1995-03-16','West Tomas','Monaco','2020-01-25 11:07:45','2015-10-05 23:18:37'),(86,'m','1998-02-19','Port Kristintown','Jamaica','2015-10-26 16:23:35','2020-02-13 10:42:05'),(87,'m','1984-12-17','Kyletown','Togo','2014-10-28 00:20:02','2013-03-04 09:07:16'),(88,'f','2006-02-03','Lake Donna','Svalbard & Jan Mayen Islands','2018-09-10 15:15:52','2016-12-27 22:09:24'),(89,'m','2017-08-27','Cathrineport','Saint Vincent and the Grenadines','2019-08-27 00:18:09','2014-12-09 16:31:14'),(90,'m','1986-08-24','Lake Aurelia','Monaco','2015-12-31 06:38:15','2012-07-22 21:38:47'),(91,'f','2013-03-30','Lake Antone','Netherlands Antilles','2016-02-07 03:10:14','2019-01-17 08:43:40'),(92,'f','1991-01-23','New Markusland','Montserrat','2013-11-20 10:19:51','2011-12-07 23:40:46'),(93,'f','1984-09-27','New Johnpaulstad','Luxembourg','2014-10-26 11:39:35','2016-02-26 22:03:07'),(94,'f','1970-03-17','Rodriguezton','Kyrgyz Republic','2016-01-29 02:51:34','2012-05-16 15:15:44'),(95,'m','1994-01-24','New Gordon','Kenya','2017-04-27 08:44:10','2019-08-22 04:54:34'),(96,'m','1992-11-21','West Brody','Norfolk Island','2018-06-17 20:16:26','2019-05-06 02:58:39'),(97,'f','1997-10-02','North Mary','Micronesia','2012-08-30 08:31:48','2016-08-24 08:48:13'),(98,'f','2013-05-28','Marquardtmouth','Anguilla','2013-04-07 08:53:26','2019-02-02 12:10:46'),(99,'m','1991-11-21','Abigayleborough','Somalia','2014-07-05 11:34:25','2012-08-10 01:13:55'),(100,'f','1978-08-14','North Manleymouth','Ireland','2013-11-20 05:27:28','2010-07-13 07:06:23');
/*!40000 ALTER TABLE `profiles` ENABLE KEYS */;
UNLOCK TABLES;

--
-- Table structure for table `users`
--

DROP TABLE IF EXISTS `users`;
/*!40101 SET @saved_cs_client     = @@character_set_client */;
/*!50503 SET character_set_client = utf8mb4 */;
CREATE TABLE `users` (
  `id` int unsigned NOT NULL AUTO_INCREMENT,
  `first_name` varchar(100) CHARACTER SET utf8 COLLATE utf8_unicode_ci NOT NULL,
  `last_name` varchar(100) CHARACTER SET utf8 COLLATE utf8_unicode_ci NOT NULL,
  `email` varchar(120) CHARACTER SET utf8 COLLATE utf8_unicode_ci NOT NULL,
  `phone` varchar(120) CHARACTER SET utf8 COLLATE utf8_unicode_ci NOT NULL,
  `created_at` datetime DEFAULT CURRENT_TIMESTAMP,
  `updated_at` datetime DEFAULT CURRENT_TIMESTAMP ON UPDATE CURRENT_TIMESTAMP,
  PRIMARY KEY (`id`),
  UNIQUE KEY `email` (`email`),
  UNIQUE KEY `phone` (`phone`)
) ENGINE=InnoDB AUTO_INCREMENT=101 DEFAULT CHARSET=utf8 COLLATE=utf8_unicode_ci;
/*!40101 SET character_set_client = @saved_cs_client */;

--
-- Dumping data for table `users`
--

LOCK TABLES `users` WRITE;
/*!40000 ALTER TABLE `users` DISABLE KEYS */;
INSERT INTO `users` VALUES (1,'Kiel','Auer','sipes.maddison@example.com','860.222.8321','2019-12-13 11:23:06','2011-05-09 11:10:47'),(2,'Kale','Swift','zwilkinson@example.net','163.098.1140','2010-10-05 05:15:03','2016-07-14 19:39:57'),(3,'Francesco','Yundt','amalia.kuvalis@example.net','807.116.6857','2010-05-03 14:12:33','2018-02-20 09:19:34'),(4,'Melyna','Keeling','timothy62@example.net','1-621-097-2386','2019-09-11 08:00:16','2015-12-13 17:16:50'),(5,'Delia','Wolf','milan.emmerich@example.org','(279)049-1046x7118','2013-08-11 15:47:06','2010-12-04 21:32:56'),(6,'Elfrieda','Cartwright','marielle31@example.com','01378832946','2018-04-03 05:45:04','2011-10-30 09:30:49'),(7,'Annie','Thiel','ankunding.meagan@example.com','(811)176-8782','2019-09-10 14:47:47','2010-07-16 04:28:53'),(8,'Skye','Willms','jimmy.grimes@example.com','(037)542-8497','2016-08-27 08:28:35','2017-05-20 03:43:26'),(9,'Daphney','Graham','cordell.cremin@example.com','293-618-6884','2019-06-05 03:08:56','2012-10-14 15:31:16'),(10,'Kaylie','Doyle','erunolfsson@example.com','1-432-014-1105x980','2015-10-08 00:03:22','2017-12-18 22:05:59'),(11,'Mateo','Kulas','cking@example.org','1-520-133-8618x37497','2019-06-07 08:50:41','2014-07-18 03:11:42'),(12,'Jasen','Hegmann','osmith@example.net','1-403-695-0208','2013-01-15 12:29:29','2017-03-09 07:25:14'),(13,'Neoma','Ullrich','kjohnson@example.com','+88(8)6670597552','2012-12-11 21:55:00','2016-10-31 02:16:54'),(14,'Shana','Nienow','rschuppe@example.org','826-162-7080','2010-10-22 20:14:10','2012-09-24 03:53:20'),(15,'Joelle','Kessler','jluettgen@example.com','(518)990-8510x36029','2016-04-06 03:13:43','2017-06-22 23:10:29'),(16,'Leila','Sauer','reynolds.emil@example.net','1-429-867-6544x160','2019-04-15 21:55:12','2017-07-11 17:40:36'),(17,'Skye','Morissette','ortiz.georgianna@example.com','195-139-5560x6247','2014-12-23 11:03:50','2013-04-26 03:50:48'),(18,'Jacky','Upton','hkris@example.com','07863257482','2017-03-04 10:01:38','2019-04-22 05:03:05'),(19,'Gunner','Stoltenberg','sroberts@example.com','513.507.6166','2013-10-13 14:17:01','2020-01-29 20:53:14'),(20,'Cloyd','Botsford','brandt.schmitt@example.net','+16(9)9818917809','2012-09-16 11:53:00','2016-09-28 09:03:55'),(21,'Marcelina','Wisozk','gaylord03@example.org','162-036-4863','2014-11-21 20:54:21','2016-04-01 22:00:08'),(22,'Florencio','Runte','lukas92@example.org','619.749.2601x378','2017-11-11 04:10:07','2016-02-20 05:14:27'),(23,'Rocio','Koepp','oceane.gorczany@example.net','1-187-358-4715','2018-01-19 21:37:24','2015-09-23 19:43:54'),(24,'Donna','Baumbach','schmitt.lorenz@example.org','1-487-871-4903x33489','2019-09-27 13:24:18','2010-07-14 09:46:00'),(25,'Wilhelmine','Sanford','nhagenes@example.org','1-323-128-2542x7857','2020-03-10 18:27:56','2017-06-02 20:38:00'),(26,'Tatyana','Mohr','raphael00@example.org','884.212.7544','2016-03-31 15:08:13','2012-09-25 12:47:13'),(27,'Edna','Powlowski','uziemann@example.org','439.039.5403','2011-11-09 06:34:04','2011-05-20 11:43:53'),(28,'Garth','Nikolaus','evie.wiegand@example.com','(203)713-8726x04055','2019-02-12 08:58:39','2013-02-09 12:26:49'),(29,'Pablo','Hettinger','schneider.syble@example.org','(380)544-2403x84810','2012-11-10 08:42:34','2017-11-29 09:10:32'),(30,'Jana','Altenwerth','louvenia.smitham@example.net','1-901-861-4044','2016-10-22 16:21:31','2019-08-22 15:13:40'),(31,'Woodrow','Grady','caleb.brakus@example.com','+29(8)1212559508','2016-02-28 20:26:33','2010-07-10 19:05:18'),(32,'Rebekah','Maggio','margarita.cormier@example.org','1-459-312-3614x47614','2019-02-20 07:19:23','2017-04-29 09:53:17'),(33,'Helmer','Lakin','xzavier.o\'kon@example.com','262-684-7054x545','2013-09-01 18:33:00','2017-08-21 06:32:50'),(34,'Urban','Friesen','treutel.raoul@example.org','1-922-656-3777x351','2012-10-31 02:44:17','2013-08-13 07:40:01'),(35,'Larry','Gibson','pfannerstill.aylin@example.net','702-187-8105x177','2012-06-16 02:23:29','2015-07-22 07:12:01'),(36,'Cleveland','Mayert','fredrick.zulauf@example.org','012.492.5202x062','2020-03-30 03:59:18','2019-06-14 20:44:26'),(37,'Kory','Kessler','rita.langworth@example.net','(730)450-1320','2018-09-11 07:13:55','2018-10-16 05:35:23'),(38,'Wilhelmine','Goodwin','kathryne.yundt@example.org','+71(4)0083717523','2013-06-16 10:28:16','2018-09-12 02:11:50'),(39,'Hellen','Greenholt','rosalinda.stanton@example.net','(015)954-9577x56811','2014-08-29 06:55:07','2013-09-27 22:40:36'),(40,'Felipa','Bergnaum','vivianne.dooley@example.net','+19(4)8776691788','2013-04-25 07:36:38','2011-06-18 03:23:20'),(41,'Myrtis','Rippin','crona.christopher@example.net','(411)909-3914x3698','2015-01-07 20:16:23','2017-08-28 23:09:40'),(42,'Muhammad','Luettgen','vito.gutkowski@example.net','+46(1)1235314598','2018-12-02 07:43:08','2014-07-07 18:20:13'),(43,'Esperanza','Lubowitz','willis46@example.net','594-829-9624','2014-04-02 19:04:26','2014-04-14 02:36:25'),(44,'Randi','Reichert','cortney64@example.com','03458478586','2015-06-26 12:20:21','2014-12-03 14:38:56'),(45,'Hilton','Kirlin','watsica.rasheed@example.com','+06(4)5788807464','2018-12-23 02:02:19','2011-11-02 15:21:37'),(46,'Kristoffer','Wehner','owaters@example.org','097.597.0800x560','2012-10-01 08:05:52','2020-01-22 03:56:51'),(47,'Rocio','Rowe','irma28@example.org','1-314-540-6921x777','2017-07-11 18:53:50','2019-07-12 13:11:23'),(48,'Josiah','Jones','rwaters@example.org','669.514.0952x193','2011-12-24 20:43:35','2010-08-02 09:59:09'),(49,'Kaylee','Yost','ryan.carley@example.org','1-161-413-7343','2010-05-03 05:43:01','2013-10-04 06:12:43'),(50,'Pat','Hodkiewicz','snienow@example.org','(371)081-0972x924','2010-11-29 11:33:17','2011-09-25 10:08:55'),(51,'Darrel','Stark','xkonopelski@example.net','289.268.8836x49410','2011-06-13 18:55:41','2013-06-15 10:06:07'),(52,'Lorenzo','Quitzon','hcormier@example.org','409-189-3730','2011-12-17 19:14:55','2017-10-16 08:31:38'),(53,'Lou','Turcotte','jonathon.corkery@example.com','(624)830-0928','2013-12-24 15:49:29','2012-06-26 19:28:51'),(54,'Sienna','Fisher','yundt.emelie@example.org','(138)651-5550x6117','2019-01-11 22:55:46','2015-09-24 04:46:24'),(55,'Brad','Smith','alec56@example.net','331-335-9957','2017-06-25 00:04:02','2012-09-15 15:37:04'),(56,'Dayna','Spencer','ahermiston@example.net','411-841-3911x256','2019-10-05 14:14:27','2013-03-15 23:43:47'),(57,'Hector','Cruickshank','fletcher.cronin@example.net','(095)252-4767x95774','2012-10-20 08:21:48','2012-10-22 05:09:14'),(58,'Elisha','Connelly','grimes.alva@example.com','1-785-369-3019x3795','2018-02-13 22:35:23','2013-03-03 07:57:16'),(59,'Lilla','Satterfield','tillman92@example.org','(465)773-8982','2014-02-02 17:09:55','2017-06-18 18:38:37'),(60,'Tyra','Walker','block.aida@example.com','762.238.3157x3117','2010-10-29 05:02:55','2016-06-03 03:20:25'),(61,'Devon','Kerluke','glover.hester@example.com','(893)119-6172x10351','2019-07-29 16:50:43','2013-12-17 12:39:04'),(62,'Camryn','Ankunding','zkovacek@example.com','482-935-8046','2019-08-04 06:47:47','2014-07-12 08:22:09'),(63,'Miles','Cole','mason62@example.com','(241)115-3817','2011-06-29 06:17:03','2011-09-15 07:49:13'),(64,'Georgiana','Langosh','paucek.marco@example.com','331.706.5834','2017-08-26 11:39:47','2016-06-27 18:16:54'),(65,'Joe','Kreiger','karson89@example.org','(176)274-0871x813','2013-06-29 18:26:58','2019-10-30 12:48:43'),(66,'Novella','Gleason','quitzon.elenora@example.net','996-900-0880x8952','2017-09-08 14:04:44','2012-10-29 13:11:42'),(67,'Mazie','Powlowski','ludwig63@example.net','07529182128','2020-02-16 07:46:24','2012-05-09 08:27:34'),(68,'Chasity','O\'Connell','furman76@example.net','(246)569-1901','2013-08-18 20:42:42','2020-03-14 18:51:16'),(69,'Blanche','Keeling','stehr.corbin@example.org','04955740204','2018-05-22 00:31:33','2013-05-13 03:19:58'),(70,'Isom','Boyle','kozey.jordon@example.net','02572724763','2019-09-22 09:13:50','2014-11-21 16:51:42'),(71,'Pearlie','Thompson','brannon.price@example.org','+42(5)5574344045','2018-09-03 12:17:20','2018-02-15 13:09:24'),(72,'Michele','Schultz','oliver.bednar@example.com','(612)453-0035x2758','2017-10-12 04:27:39','2019-09-07 01:54:32'),(73,'Faye','Friesen','welch.elroy@example.com','268.145.4120x699','2017-01-21 17:56:02','2013-11-22 19:04:44'),(74,'Brennon','Schamberger','pschinner@example.net','(815)535-6596x08175','2013-02-18 20:56:33','2010-11-16 20:27:19'),(75,'Karli','Schulist','dhowell@example.net','1-518-872-8910','2017-12-05 08:34:59','2018-10-03 14:45:25'),(76,'Mitchel','Casper','kailey.abbott@example.net','577.227.8990x83077','2011-07-03 17:48:44','2010-06-05 17:00:29'),(77,'Savion','Kling','gdibbert@example.com','(202)013-0252x089','2017-04-02 18:05:44','2019-06-24 12:24:07'),(78,'Annabelle','Marquardt','zion.balistreri@example.net','+08(1)1966870206','2015-12-28 03:22:05','2013-04-29 10:51:06'),(79,'Lesly','Zulauf','bschmidt@example.com','779-200-3593x49140','2019-04-17 04:53:09','2011-06-02 17:18:58'),(80,'Kaleigh','Bogan','markus.wilderman@example.org','497.311.8429','2012-12-08 09:46:37','2011-08-15 06:44:50'),(81,'Lyla','Parker','qlegros@example.com','654-237-7733x863','2015-08-20 15:48:18','2018-03-29 04:13:29'),(82,'Dorris','Wilderman','gleason.eleanora@example.net','056.119.4839x5122','2015-01-27 04:13:10','2011-06-08 04:09:54'),(83,'Arvilla','Kuphal','katharina98@example.org','(586)190-3153','2011-12-03 08:22:47','2018-01-20 11:00:51'),(84,'Vivien','Kihn','moore.dayna@example.org','895.955.3687x260','2013-08-06 10:55:24','2017-06-15 13:41:39'),(85,'Jules','Rolfson','weissnat.name@example.net','(924)442-4662x614','2015-04-18 08:46:15','2016-09-09 13:57:47'),(86,'Jonathan','Hackett','hyatt.noe@example.net','653.882.2360x77478','2015-04-29 07:05:44','2015-07-02 23:26:50'),(87,'Kyle','Powlowski','kenyatta44@example.net','033-677-8747','2015-08-01 22:39:17','2018-03-28 06:38:47'),(88,'Laisha','Ruecker','msteuber@example.net','1-032-851-6734x799','2018-04-15 18:45:22','2018-07-04 03:45:34'),(89,'Abel','Ryan','finn18@example.org','697.928.8745x740','2016-09-12 11:04:10','2012-06-27 09:40:13'),(90,'Barney','Daniel','corkery.willow@example.org','1-280-280-9620','2011-04-07 05:11:46','2011-11-29 01:37:33'),(91,'Faustino','Wisoky','kgoldner@example.com','1-836-435-4984','2017-02-18 03:53:23','2015-09-21 10:27:46'),(92,'Clotilde','Kohler','solson@example.org','026-348-6020x08450','2012-02-03 23:37:34','2010-11-12 03:37:26'),(93,'Aurelie','VonRueden','alyson96@example.com','371.918.4032','2018-11-05 21:27:14','2018-01-16 21:17:30'),(94,'Jeff','Von','hsteuber@example.net','(664)594-8863x9653','2016-07-14 09:26:00','2017-07-22 07:05:09'),(95,'Mekhi','Howell','nolan.michelle@example.com','03314505417','2017-08-21 07:01:22','2014-05-03 04:03:36'),(96,'Della','Hauck','xpollich@example.com','(597)100-3410x281','2010-10-27 18:13:46','2010-08-04 17:47:18'),(97,'Tyshawn','Blanda','lura.kuhic@example.com','1-345-917-0500','2019-05-07 02:01:54','2018-05-26 08:13:41'),(98,'Prince','Blanda','botsford.magali@example.net','+07(2)0061715352','2017-08-21 22:55:40','2010-11-01 06:14:22'),(99,'Otha','Spencer','ross01@example.com','1-022-868-3841x856','2012-09-09 17:32:58','2011-11-11 11:05:22'),(100,'Elijah','Tillman','upton.gennaro@example.com','09968818892','2015-02-17 01:08:58','2019-04-07 04:18:43');
/*!40000 ALTER TABLE `users` ENABLE KEYS */;
UNLOCK TABLES;
/*!40103 SET TIME_ZONE=@OLD_TIME_ZONE */;

/*!40101 SET SQL_MODE=@OLD_SQL_MODE */;
/*!40014 SET FOREIGN_KEY_CHECKS=@OLD_FOREIGN_KEY_CHECKS */;
/*!40014 SET UNIQUE_CHECKS=@OLD_UNIQUE_CHECKS */;
/*!40101 SET CHARACTER_SET_CLIENT=@OLD_CHARACTER_SET_CLIENT */;
/*!40101 SET CHARACTER_SET_RESULTS=@OLD_CHARACTER_SET_RESULTS */;
/*!40101 SET COLLATION_CONNECTION=@OLD_COLLATION_CONNECTION */;
/*!40111 SET SQL_NOTES=@OLD_SQL_NOTES */;

-- Dump completed on 2020-04-22 16:53:46
